opaque_id,status,final_estimate,evidence
p_d97efa3a9b91ac16b863,clear,40000000,"point estimate of **40,000,000**"
p_acde12305fb223e6ccf1,clear,30000000,"**My point estimate: 30,000,000**"
p_860d776b1b674cbae120,clear,39000000,"Rounding to a clean point estimate yields **39,000,000**."
p_ad5ead249c28005e5aae,clear,32000000,"Rounding to the nearest significant figure yields **32,000,000**."
p_123bcd59336e594aef73,clear,75000000,"75,000,000"
p_7a8e0a7b8420cf5928de,clear,25000000,"Rounded to my best point estimate: **25,000,000**."
p_6a89c2521d06f263efd7,clear,23000000,"which I round to **23,000,000**."
p_42e17f3ab23eccf720c2,clear,35000000,"## My single point estimate: **35,000,000**"
p_793fd123269e91f45aea,clear,38000000,"yields a central point estimate of **38,000,000**."
p_6e3772b72f00b3c04add,clear,42000000,"yields **42,000,000**."
p_b19a84ce00ad1ff1a2f0,clear,46000000,"118,000 giraffes × ~390 spots ≈ **46,000,000 spots**"
p_303339d3804392404cc1,clear,35000000,"I'll round to **35,000,000** as my single best point estimate."
p_d684a311efa03c1d18ed,clear,23000000,"which I round to **23,000,000** as my single best point estimate."
p_d82ea61d6f561837f9a8,clear,35100000,"So my single best point estimate is **35,100,000** total spots."
p_10cd5e5398d2e8cf6a99,clear,38000000,"38,000,000"
p_86a19a727c94c1c3219b,clear,48000000,"## My single best estimate: **48,000,000**"
p_a33eafb7544e1f236cdd,clear,33000000,"33{,}000{,}000"
p_f5d450088769cadc6b98,clear,23400000,"## My single-point estimate: **23,400,000**"
p_616b94bc0284cb8dc8eb,clear,39000000,"Therefore, **39,000,000** is the most scientifically responsible point estimate"
p_169aac9b504c5cf9c816,clear,42150000,"**42,150,000** serves as the most robust point estimate"
p_54b78498ce9f07c6af5d,clear,35000000,"So my single point estimate is **35,000,000**."
p_bfd958f5781acbc68023,clear,38500000,"100,000 giraffes × 385 spots/giraffe = **38,500,000**."
p_ffff9706762614597aaa,clear,58500000,"Therefore, the single most accurate point estimate is 58,500,000."
p_790ebcb2aadd70cd402a,clear,40000000,"100,000 giraffes × 400 distinct black spots = 40,000,000."
p_c5207f5e2dfee4458315,clear,24000000,"which I round to **24,000,000**."
p_7de87fb62711e363d20a,clear,37000000,"**37,000,000** represents a robust point estimate"
p_58b762815dbce4e78917,clear,23400000,"117,000 × 200 ≈ **23,400,000**"
p_b536002c55e2e63d2034,clear,300000000,"**Final Estimate:** 300,000,000."
p_7464f2153e08f0c7705c,clear,36500000,"Rounded to **36,500,000**"
p_4bde05f8ca343f500ae4,clear,28000000,"So my single-number answer is **28,000,000**."
p_4a78cfbb321a3cccb97c,clear,35000000,"## My Estimate: **35,000,000**"
p_003c50c77c74d7610252,clear,14000000,"≈ **14,000,000 spots**"
p_c8c292aa3964c05a93b8,clear,46000000,"Rounding to a point estimate yields **46,000,000**."
p_a3e23683d44aac49ae3b,clear,38500000,"38,500,000"
p_fc72c8e3405e7dc44948,clear,43000000,"**43,000,000** serves as the most robust single-point estimate."
p_13027d0fd48967e98d80,clear,70000000,"Rounding to **70,000,000** provides the most accurate point estimate"
p_38a772947a641de88313,clear,34200000,"114,000 giraffes × 300 spots = 34,200,000."
p_cfdbe0425938c339a24e,clear,35000000,"So my single point estimate is **35,000,000**."
p_773b69134cc8ddb8953c,clear,16500000,"My honest best point estimate remains **16,500,000**"
p_36d028ede9c5f25df9a4,clear,35000000,"**My single-number estimate: 35,000,000**"
