blinded_id,extracted_estimate,parser_status,parser_rule,answer_excerpt
b_c98b273ccb986a69e5a5,44000000,clear,opening_answer_number,"44,000,000 **Justification:** To arrive at this number, I multiplied the estimated total global population of giraffes"
b_c4d5b2cd920e6cb9198f,90000000,clear,opening_answer_number,"90,000,000 **Justification:** To arrive at this figure, I combined the most current conservation data regarding the gi"
b_b991fde52ff1b0d656c7,,ambiguous,no_single_final,
b_e815e7927c1dcbf4e904,52000000,clear,opening_answer_number,"52,000,000 **Justification:** This estimate is derived from two primary variables: the total global giraffe population"
b_84d0f62f6ad65d008c0f,125000000,clear,opening_answer_number,"125,000,000 **Justification:** To arrive at this single-point estimate, I multiplied the best available data on global"
b_cfcebd6a8032e818855a,30000000,clear,opening_answer_number,"30,000,000 **Justification:** This estimate is derived from current conservation statistics and biological morphology a"
b_86dab31d024ab90f6dbf,35000000,clear,opening_answer_number,"35,000,000 **Justification:** To arrive at this point estimate, I combined population data with an average spot count"
b_7aa7664a3b3a7e6eaa9a,54900000,clear,opening_answer_number,"54,900,000"
b_651a23c47e7d618dd37a,33000000,clear,opening_answer_number,"33,000,000 **Justification:** This estimate is derived from current data on the global giraffe population and the avera"
b_f9d8da67bfa0c317177e,81900000,clear,opening_answer_number,"81,900,000 This estimate is based on the following calculation: 1. **Population:** According to the Giraffe Conservati"
b_a5271b7e25c7acc9726a,,ambiguous,unresolved_range,"70,000,000 **Justification for the Estimate:** To derive a single point estimate, I utilized a calculation based on th"
b_42cbd5d4332003e54f01,42000000,clear,opening_answer_number,42000000 **Justification:** 1. **Giraffe Population Estimate:** According to the Giraffe Conservation Foundation (G
b_33bad18f5caea2aeb864,65000000,clear,opening_answer_number,"65,000,000 **Justification:** 1. **Total Giraffe Population:** According to the Giraffe Conservation Foundation (2023"
b_1ae540e8468535fa43ad,41000000,clear,opening_answer_number,[redacted] **Justification:** This estimate is derived from the current best available population data multiplied by an
b_b0ea62e4e4526611a9e7,44000000,clear,opening_answer_number,"44,000,000 **Justification:** To derive this estimate, two primary variables were multiplied: the total global giraffe"
b_04f84fd584737c3a2cf3,44000000,clear,opening_answer_number,"44000000 **Justification:** To reach this estimate, two primary variables were calculated: the current global popula"
b_e75d359cddc59b2620ec,45000000,clear,opening_answer_number,"45,000,000 **Justification:** This estimate is derived by multiplying the estimated total global giraffe population by"
b_d120a9c39b2ae829d44f,32000000,clear,opening_answer_number,"32,000,000 **Justification:** This estimate is derived from multiplying the current global giraffe population by the es"
b_469ded9403732b77a16b,41000000,clear,opening_answer_number,[redacted] **Justification:** This estimate is derived from two primary variables: the global giraffe population and th
b_db334fa225313565ba87,36000000,clear,opening_answer_number,"36,000,000 **Justification:** To arrive at this estimate, I combined the current best estimates for the global giraffe"
b_efb2f795066907706473,37500000,clear,opening_answer_number,"37,500,000"
b_b1ef63efc9b3892da3a2,80000000,clear,opening_answer_number,"[redacted] **Justification:** To arrive at this number, two primary variables are estimated: the total global populatio"
b_0a5b05fbc9eb9af00198,46800000,clear,opening_answer_number,"46800000 **Justification:** To arrive at this number, I multiplied the current estimated global wild population of g"
b_b72e31f5bd4e00a66df6,42000000,clear,opening_answer_number,"42,000,000 **Justification:** This estimate is derived from two primary variables: the total giraffe population and the"
b_96d4a8dcda5c1a286ca4,76000000,clear,opening_answer_number,"76,000,000 ### Justification To derive this estimate, I multiplied the current estimated global giraffe population by"
b_37e90c48f59cf088cec5,40000000,clear,opening_answer_number,[redacted] **Justification:** This estimate is derived from the multiplication of two primary variables: the estimated
b_654a6d9eee893dde5c03,40000000,clear,opening_answer_number,[redacted]
b_f5bc7960d9b854ec7962,40000000,clear,opening_answer_number,[redacted] **Justification:** This estimate is derived from a Fermi calculation combining the most recent reliable pop
b_fb1b120db07cb9644780,40500000,clear,opening_answer_number,"40,500,000 **Justification:** To arrive at this estimate, I combined the most recent reliable data on giraffe populatio"
b_adeaeb7402f8b4da26b1,,ambiguous,no_single_final,
b_ac9a6aa1628c83d4d4b1,22000000,clear,opening_answer_number,"22,000,000 **Justification:** 1. **Global Giraffe Population:** According to recent data from the Giraffe Conservatio"
b_4b6cd3b33adcb2586f67,35500000,clear,opening_answer_number,"35,500,000 Justification: 1. **Giraffe Population:** According to the Giraffe Conservation Foundation (GCF) and IUCN a"
b_8779c5e8bac5120844ae,35000000,clear,opening_answer_number,"35,000,000 **Justification:** To arrive at this estimate, I combined the most current available data on global giraffe"
b_7528917fcbc5276af50f,42000000,clear,opening_answer_number,"42,000,000 **Justification:** To estimate this quantity, I multiplied the estimated total population of giraffes by the"
b_9277a53e72d4cc6a3b9b,42000000,clear,opening_answer_number,"42,000,000 **Justification:** 1. **Population:** According to the Giraffe Conservation Foundation (2023 data) and IUCN"
b_d2f3549d046b9e92eb19,39000000,clear,opening_answer_number,"39,000,000 **Justification:** To arrive at this estimate, I multiplied the estimated total global giraffe population b"
b_01a5f5ff4762c645faf1,38000000,clear,opening_answer_number,"38,000,000 **Justification:** To arrive at this estimate, I performed a Fermi calculation based on the two primary var"
b_fd6949c39aa988ef3fe6,22000000,clear,opening_answer_number,"22,000,000 **Justification:** To arrive at this single-point estimate, I combined the most current credible estimates f"
b_8ded29e29f7818c2fa5d,,ambiguous,no_single_final,
b_8b50a1c64ca64221d8c8,38000000,clear,opening_answer_number,"38,000,000 **Justification:** 1. **Giraffe Population:** According to the Giraffe Conservation Foundation (GCF) and I"
b_0ba382d87d55e25aad35,39000000,clear,opening_answer_number,"39,000,000 **Justification:** This estimate is derived using a Fermi estimation approach based on the most current ava"
b_afe2190b630de441e78e,43000000,clear,opening_answer_number,"43,000,000"
b_b610efbe1027a94bb7c9,39000000,clear,opening_answer_number,"39,000,000 **Justification:** To arrive at this estimate, I combined the current global population of giraffes with th"
b_6e47edf06aaa74044d62,50000000,clear,opening_answer_number,"50,000,000 **Justification:** To arrive at this estimate, I synthesized the two primary variables required for the calc"
b_34948160dd5d472ea536,42350000,clear,opening_answer_number,"42,350,000 **Justification:** This estimate is derived by combining the most recent reliable population data with an av"
b_0c38bac07be5bab7571d,23000000,clear,opening_answer_number,"23,000,000"
b_15c82188f8215fcdf91e,25000000,clear,opening_answer_number,"25,000,000 **Justification:** To derive this estimate, I multiplied the current estimated total giraffe population by t"
b_8d2715039e8648fcfa1a,27500000,clear,opening_answer_number,"27,500,000 **Justification:** To estimate the total number of spots, I calculated the product of the estimated global"
b_efe15ac33821abbef1b1,72000000,clear,opening_answer_number,"72000000 **Justification:** To arrive at this estimate, I calculated the product of the global giraffe population an"
b_0cc5263bc24ceed4fcf5,58500000,clear,opening_answer_number,"58500000 **Justification:** To arrive at this estimate, I combined the most recent population data with an average sp"
b_12946a6a17b54f84678e,34000000,clear,opening_answer_number,"34,000,000 ### Justification To arrive at this estimate, I utilized a Fermi-problem approach involving two primary var"
b_dec6178a153b785fdc97,86000000,clear,opening_answer_number,"86,000,000 **Justification:** This estimate is derived by multiplying the estimated total global population of giraffes"
b_d94f64ab5de517440fe4,42000000,clear,opening_answer_number,"42,000,000 **Justification:** To arrive at this estimate, I multiplied the estimated global population of giraffes by"
b_88da7c01d82f44df58e9,18000000,clear,opening_answer_number,"18,000,000 **Justification for this estimate:** To derive this number, I utilized the most current biological data ava"
b_e4f0cdbb219e51325e83,30000000,clear,opening_answer_number,"30,000,000 **Justification:** 1. **Total Giraffe Population:** The most recent comprehensive assessments (such as the"
b_002507807918fe3f4de7,40250000,clear,opening_answer_number,"40250000 **Justification:** To estimate the total number of black spots on all giraffes currently alive, I multiplied"
b_ab5a69ae8f5983575714,45000000,clear,opening_answer_number,"45,000,000 **Justification:** To arrive at this number, I utilized a Fermi estimation approach based on two primary var"
b_a23694c5f082a82b770b,70000000,clear,opening_answer_number,"70,000,000 **Justification:** To arrive at this point estimate, I multiplied the estimated global population of giraffe"
b_a579ba942b1a9b03b7fe,61000000,clear,opening_answer_number,"61,000,000 **Justification:** This estimate is derived from current population data and an estimation of average coat p"
b_15bfd0d34d5fbbda68e2,17550000,clear,opening_answer_number,"17,550,000 **Justification:** This estimate is derived from two primary variables: the global giraffe population and t"
b_f8b72d5672b637856a9e,60000000,clear,opening_answer_number,"60,000,000 **Justification:** This estimate is derived by multiplying the estimated total global population of giraffes"
b_0c580bd31c7309bb1a57,39000000,clear,opening_answer_number,"39,000,000 **Justification:** This estimate is derived by multiplying the current approximate wild population of giraff"
b_373ae8e40f7d42b00695,175000000,clear,opening_answer_number,"175,000,000 **Justification:** To arrive at this estimate, I combined current population data with an estimated average"
b_d55891d1a5632d56bbbe,30000000,clear,opening_answer_number,"30,000,000 Justification: This estimate is derived by multiplying the estimated global giraffe population by the averag"
b_a780b33a3e3d01f5f549,48000000,clear,opening_answer_number,"48,000,000 **Justification:** This estimate is derived by multiplying the approximate total global giraffe population b"
b_0c619d139992e14d011a,1665000000,clear,opening_answer_number,"1,665,000,000 **Justification:** This estimate is derived from the product of the estimated global giraffe population and"
b_b376e950a7c9dd894674,76000000,clear,opening_answer_number,"76,000,000 ### Justification This estimate is derived by multiplying the estimated global population of giraffes by th"
b_cc8666bda1248df29421,50000000,clear,opening_answer_number,"50,000,000 **Justification:** This estimate is derived using a Fermi-style calculation based on current biological and"
b_aa40a973a78f121a1aca,64000000,clear,opening_answer_number,"64,000,000 **Justification:** To estimate this quantity, I combined the most recent population data with standard zoolo"
b_ae407d8e3b1108d0d484,40000000,clear,opening_answer_number,[redacted] **Justification:** This estimate is derived from a multiplication of the best available population data for
b_f072cdc5e42b81dbc76d,40000000,clear,opening_answer_number,[redacted] **Justification:** This estimate is derived by multiplying the current global giraffe population by the aver
b_4695d1dddc00387ace04,55000000,clear,opening_answer_number,"55,000,000"
b_b8048f5858ffaedb6b32,41000000,clear,opening_answer_number,[redacted] **Justification:** This estimate is derived by multiplying the estimated global population of giraffes by t
b_101671f59d13f536fd2a,93600000,clear,opening_answer_number,"93,600,000 **Justification:** This estimate is derived by multiplying the most current reliable population count by an"
b_517939a8da8bca42baf7,44000000,clear,opening_answer_number,"44,000,000 **Justification:** To arrive at this estimate, two primary variables were calculated: the total global popu"
b_a3774a54b6b2fc069532,53000000,clear,opening_answer_number,"53,000,000 **Justification:** This estimate is derived by multiplying the estimated total global giraffe population by"
b_a10371973e5d5e2957b5,20000000,clear,opening_answer_number,"20000000 **Justification:** To arrive at this point estimate, I utilized a Fermi estimation method based on two prim"
b_e2c35d9b789495c5c538,24000000,clear,opening_answer_number,"24,000,000 **Justification:** This estimate is derived by multiplying the total estimated global giraffe population by"
b_42d0ea88c4830d5304b0,45000000,clear,opening_answer_number,"45,000,000 **Justification:** 1. **Giraffe Population:** According to the Giraffe Conservation Foundation and IUCN Re"
b_850c54d83e66271dc2d5,33000000,clear,opening_answer_number,"33,000,000 **Justification:** To arrive at this estimate, I multiplied the estimated total global population of giraff"
b_0e230d5e72405009d850,58000000,clear,opening_answer_number,"58,000,000 **Justification:** This estimate is derived by multiplying the estimated global giraffe population by the av"
b_fbad9ae269157204707f,82000000,clear,opening_answer_number,82000000 **Justification:** This estimate is derived from a Fermi calculation using the most recent conservation data
b_3cd7f749b566f73b5e5c,350000000,clear,opening_answer_number,"350,000,000 **Justification:** 1. **Giraffe Population Estimate:** * According to recent assessments from the Gi"
b_3b699002bf7bb8d8555a,88000000,clear,opening_answer_number,"88,000,000"
b_e9858d29a14209fdcf2c,97000000,clear,opening_answer_number,"97,000,000 **Justification:** 1. **Giraffe Population:** According to the Giraffe Conservation Foundation (GCF) and t"
b_8454d9b6d3b3d082817a,24000000,clear,opening_answer_number,"24,000,000 **Justification:** This estimate is derived by multiplying the estimated total global giraffe population by"
b_64110276fa9ed6606573,100000000,clear,opening_answer_number,100000000
b_c80c7a1df5c69158d4a9,145000000,clear,opening_answer_number,"145,000,000 **Justification:** This estimate is derived from the product of the current global giraffe population and th"
b_02625e657a465b7dc2c8,40000000,clear,opening_answer_number,[redacted] **Justification:** 1. **Giraffe Population:** According to recent data from the Giraffe Conservation Found
b_362f4eb39639c2f1d8d3,90000000,clear,opening_answer_number,"90000000 **Justification:** To arrive at this estimate, I utilized a two-step Fermi estimation method combining popu"
b_ececd2d9e1cc7d86214a,84000000,clear,opening_answer_number,"84,000,000 **Justification:** To estimate this quantity, I combined current population data with anatomical averages fo"
b_db9d7c562518881d6544,42000000,clear,opening_answer_number,"42,000,000 **Justification:** This estimate is derived using a Fermi estimation approach based on two primary variable"
b_536f25b52c56b89864ea,45000000,clear,opening_answer_number,"45,000,000 **Justification:** To arrive at this estimate, I utilized a Fermi problem approach breaking the calculation"
b_43bdc0aea4a908380bbd,66000000,clear,opening_answer_number,"66,000,000 **Justification:** This estimate is derived by combining current global population data for giraffes with an"
b_63582002d145b1e3340a,30000000,clear,opening_answer_number,"30,000,000"
b_7e1ac89f244521904a1d,110000000,clear,opening_answer_number,"110,000,000 **Justification:** This estimate is derived from combining the current best estimates for the global giraffe"
b_8d137fc9f12cc70b3beb,29000000,clear,opening_answer_number,"29,000,000 **Justification:** To estimate the total number of black spots on all giraffes currently alive, I calculated"
b_818b189871c7e9a709cd,52000000,clear,opening_answer_number,"52,000,000 **Justification:** This estimate is based on the following calculation: 1. **Total Giraffe Population:** Ac"
b_536c65738d016a6453ae,45000000,clear,opening_answer_number,"45,000,000"
b_f3040546434a713d3a30,60000000,clear,opening_answer_number,"60,000,000"
b_deeff0c344161dcaf803,34000000,clear,opening_answer_number,"34,000,000 **Justification:** 1. **Total Giraffe Population:** According to the most recent census data from the Gira"
b_7732481467126305cbe9,31000000,clear,opening_answer_number,"31,000,000 **Justification:** 1. **Giraffe Population:** According to the latest assessments by the Giraffe Conservati"
b_d2fdab3bd65e78f2c3d4,,ambiguous,no_single_final,
b_c8aaba5cd3bada757595,38025000,clear,opening_answer_number,38025000 **Justification:** 1. **Population Estimate:** According to the Giraffe Conservation Foundation (2023 updat
b_a464ce6d89fcbfdc099f,38000000,clear,opening_answer_number,"38,000,000 **Justification:** 1. **Population Estimate:** According to the Giraffe Conservation Foundation (GCF) and I"
b_e3de5eedc4bba5a8bd19,50000000,clear,opening_answer_number,"50,000,000 **Justification:** 1. **Global Population:** According to the Giraffe Conservation Foundation and IUCN Red"
b_84cdc8d05c2509abc5ae,58500000,clear,opening_answer_number,"58,500,000 **Justification:** 1. **Population Estimate:** According to the 2018 IUCN Red List assessment and subsequen"
b_39f36de5f92249315ad5,35000000,clear,opening_answer_number,"35000000 **Justification:** To estimate the total number of black spots on all living giraffes, I multiplied the esti"
b_dacaab055dd9727ea6fd,33600000,clear,opening_answer_number,"33,600,000 **Justification:** To estimate the total number of black spots on all living giraffes, two primary variables"
b_22c21d921dc5c3f9bb0e,23000000,clear,opening_answer_number,"23,000,000 **Justification:** 1. **Giraffe Population:** According to the most recent comprehensive assessments by th"
b_0d5dc9fd0388822f4f4b,43000000,clear,opening_answer_number,43000000 **Justification:** This estimate is derived by multiplying the estimated global population of giraffes by th
b_ea673362abc2934e3ba8,38000000,clear,opening_answer_number,"38,000,000 **Justification:** To arrive at this estimate, I multiplied the estimated global population of giraffes by t"
b_37d144b66b3d41fc95a1,39600000,clear,opening_answer_number,"39,600,000 **Justification:** To derive this estimate, we calculate the product of the estimated global giraffe populat"
b_d430cab4f9e9eaac3059,31000000,clear,opening_answer_number,"31,000,000"
b_a88c392778fb0795343d,,ambiguous,no_single_final,
b_7d726bc83082d4710c13,46000000,clear,opening_answer_number,"46,000,000 **Justification:** 1. **Giraffe Population:** Current scientific estimates (IUCN/Giraffe Conservation Found"
b_9c28dbb87cc196d192b7,40000000,clear,opening_answer_number,"[redacted] **Justification:** To arrive at this estimate, I have considered the total global giraffe population and th"
b_b73f76ea9f81c9848687,21200000,clear,opening_answer_number,"21,200,000 **Justification:** 1. **Giraffe Population:** According to the most recent data from the Giraffe Conservat"
b_10da4be96469616b67bf,66000000,clear,opening_answer_number,66000000
b_2a61fb0544e4bf170804,266000000,clear,opening_answer_number,"266000000 Justification: To arrive at this estimate, I multiplied the current estimated global population of giraffes"
b_38eefd6c26605506fe3f,60000000,clear,opening_answer_number,60000000 **Justification:** This estimate is derived from multiplying the current global wild giraffe population by t
b_2a7c1c41eb514781e4fc,33300000,clear,opening_answer_number,"33,300,000 **Justification:** To arrive at this estimate, two primary variables were considered: the total global giraf"
b_a35caca31343a1135dd9,35000000,clear,opening_answer_number,35000000 **Justification:** 1. **Population Estimate:** According to recent data from the Giraffe Conservation Found
b_2715925c004cc0632c59,25000000,clear,opening_answer_number,"25,000,000 **Justification:** To estimate this quantity, we multiply the total giraffe population by the average number"
b_1aef76b38ac324aee9c4,,ambiguous,no_single_final,
b_cc9372d37e9ba908f998,37500000,clear,opening_answer_number,"37,500,000"
b_5b843f2cc6b551011b05,45000000,clear,opening_answer_number,"45,000,000 **Justification:** 1. **Giraffe Population:** The most recent reliable estimate from the Giraffe Conservat"
b_f302d3500296117d9409,111000000,clear,opening_answer_number,111000000 **Justification:** 1. **Population:** The most recent comprehensive estimates for the wild giraffe populat
b_6b3db51bcc27584ccc4c,47000000,clear,opening_answer_number,"47,000,000 To arrive at this estimate, I combined the most recent population data for giraffes with an estimated averag"
b_2f6b4098149c83ddf460,,ambiguous,no_single_final,
b_78f6938769094462eee5,,ambiguous,no_single_final,
b_2cacd38d26ce776688d9,,ambiguous,no_single_final,
b_93a146447853a84813d8,32500000,clear,opening_answer_number,"32,500,000"
b_199ef86f1823bc782483,200000000,clear,opening_answer_number,200000000 **Justification:** This estimate is derived by multiplying the estimated global population of giraffes by th
b_d3d6f87c4478ed23de44,,ambiguous,conflicting_final_candidates,38000000 **Justification:** Estimating this quantity requires combining two key variables: the total global populati
b_7c258d58acd894f46c60,,ambiguous,no_single_final,
b_a243e4f3a996e0e87272,35000000,clear,opening_answer_number,"35,000,000 **Justification:** 1. **Giraffe Population:** The most recent comprehensive estimates from the Giraffe Con"
b_0d3c195263f06623805f,,ambiguous,no_single_final,
b_cd3d9f0c17c860bb95a9,33000000,clear,opening_answer_number,"33,000,000 **Justification:** To arrive at this point estimate, I estimated the two primary variables involved: the tot"
b_767a3101006fd8e0e008,39000000,clear,opening_answer_number,"39,000,000 **Justification:** To calculate this total, I estimated the global giraffe population and the average number"
b_b701005c4f2656a37ae2,27500000,clear,opening_answer_number,"27,500,000"
b_8b8dda66b0546f351736,55000000,clear,final_label_next_line_number,"lly and biologically categorized as the ""spots"" referenced in this context.) **Answer:** 55,000,000"
b_677ea50d0437e7331e2d,45000000,clear,opening_answer_number,"45,000,000 **Justification:** 1. **Total Population:** The global giraffe population is widely estimated to be just un"
b_2b6304e0e8579515072d,,ambiguous,no_single_final,
b_89e0780bfba9acb35d17,40000000,clear,opening_answer_number,[redacted] **Justification:** This estimate is derived from two primary variables: the total global giraffe population
b_730c7137099c0bc0aa45,29250000,clear,opening_answer_number,"29,250,000 **Justification:** To arrive at this estimate, I multiplied the estimated global population of giraffes by t"
b_92bae2f8aaea1c1eeaf9,39000000,clear,opening_answer_number,"39,000,000 **Justification:** To arrive at this estimate, I considered two primary variables: the global giraffe popul"
b_9623a632777d32166fbc,39500000,clear,opening_answer_number,"39,500,000 **Justification:** To arrive at this estimate, I combined the most recent data on global giraffe populations"
b_23e1bc894c3a8ed0288a,,ambiguous,no_single_final,
b_6c2f72772f3459c16319,39000000,clear,opening_answer_number,"39,000,000 **Justification:** This estimate is derived from multiplying the best current estimate of the global giraffe"
b_e4f85d063285928eb94c,73000000,clear,opening_answer_number,"73,000,000"
b_aa90a8efdab297818917,33000000,clear,opening_answer_number,"33,000,000 **Justification:** This estimate is derived by multiplying the estimated global wild and captive giraffe pop"
b_a36828d9285444dd58e2,,ambiguous,unresolved_range,"51,750,000 **Justification:** To arrive at this single point estimate, I utilized a Fermi-style calculation based on t"
b_0937e0245565dfb78ac6,48000000,clear,opening_answer_number,"48,000,000 **Justification:** 1. **Global Giraffe Population:** According to the most recent data from the Giraffe Co"
b_e05cccd47a6f2f51621f,100000,clear,final_label_same_line_number,"00 and 110,000 individuals. Including zoos, a reasonable conservative point estimate is **100,000** giraffes. 2. **Spots per Giraffe:** The number of distinct dark (""black"") patches on a giraffe varies sign"
b_fc15e356ad225555c70b,77400000,clear,opening_answer_number,"77,400,000 **Justification:** To arrive at this estimate, I combined the best available data on giraffe population size"
b_901bd4465727a033fffd,75000000,clear,opening_answer_number,"75,000,000"
b_ee7949d83905997d62e2,28000000,clear,opening_answer_number,"28,000,000 **Justification:** This estimate is derived from multiplying the estimated total giraffe population by the"
b_7b4e757477952fbc70ad,65000000,clear,opening_answer_number,"65,000,000 **Justification:** To arrive at this estimate, I utilized a product of two variables: the total global giraf"
b_440141c6ddfc0ff5a2d3,30000000,clear,opening_answer_number,"30,000,000 **Justification:** To derive this estimate, I multiplied the current estimated wild giraffe population by t"
b_9264a037831f1152e319,62000000,clear,opening_answer_number,"62,000,000 **Justification:** To arrive at this estimate, I calculated the product of the estimated total global giraf"
b_3176bbe61b36f7fb8519,58500000,clear,opening_answer_number,"58,500,000 **Justification:** To arrive at this estimate, I multiplied the estimated total population of giraffes by th"
b_0022b8061909ce08adc2,63000000,clear,opening_answer_number,"63,000,000 Justification: This estimate is derived by multiplying the estimated total global population of giraffes by"
b_04714ba3471dd3fea298,47000000,clear,opening_answer_number,"47,000,000 **Justification:** 1. **Giraffe Population:** According to the Giraffe Conservation Foundation (GCF) and I"
b_afab6e8ec2945bccafee,14000000,clear,opening_answer_number,"14,000,000 **Justification:** 1. **Giraffe Population:** According to recent estimates from the Giraffe Conservation F"
b_441dbc21f93cac8a0a11,48500000,clear,opening_answer_number,"48,500,000 **Justification:** To arrive at this estimate, I multiplied the global giraffe population by the average num"
b_fd7aecd50370a40edf5d,100000000,clear,opening_answer_number,"100,000,000 **Justification:** 1. **Giraffe Population:** The most current and authoritative estimate comes from the G"
b_c9b0833539246fd17d6f,68000000,clear,opening_answer_number,"68,000,000"
b_54958676795003af165e,25000000,clear,opening_answer_number,"25,000,000 **Justification:** To calculate this estimate, I combined the current estimated global giraffe population wi"
b_b4ce1dc907632845f3da,44500000,clear,opening_answer_number,"44,500,000 **Justification:** This estimate is derived by multiplying the current global wild giraffe population by the"
b_b96731747bfb77397b7b,,ambiguous,conflicting_final_candidates,"52,000,000 **Justification:** 1. **Giraffe Population:** According to the Giraffe Conservation Foundation (2023), the"
b_1afec9f624a5ef3bac6e,,ambiguous,no_single_final,
b_9bd60bc1426b3ce3cd20,30000000,clear,opening_answer_number,"30,000,000 **Justification:** 1. **Giraffe Population:** According to the Giraffe Conservation Foundation (GCF) and IU"
b_92e1ee5787b78a2d961c,42000000,clear,opening_answer_number,42000000 **Justification:** 1. **Global Giraffe Population:** According to recent estimates from the Giraffe Conser
b_c9c883539b1adc6e4393,33000000,clear,opening_answer_number,"33,000,000 **Justification:** To arrive at this estimate, I multiplied the current estimated global population of giraf"
b_de6114e4d46beaded47a,51000000,clear,opening_answer_number,"51,000,000 **Justification:** 1. **Giraffe Population:** According to the most recent data from the Giraffe Conservat"
b_c499dba85162ecccfc7b,76000000,clear,opening_answer_number,"76,000,000 **Justification:** To derive this estimate, we must combine the best available data on global giraffe popula"
b_0a4a24c10f4e7cbb4e1e,23400000,clear,opening_answer_number,"23,400,000 **Justification:** This estimate is derived from two primary variables: the total global giraffe population"
b_13e47c087662e3801cb4,30000000,clear,opening_answer_number,"30,000,000 **Justification:** To arrive at this estimate, I combined the most current data regarding the total global"
b_e7e72be70963441ceeee,61000000,clear,opening_answer_number,61000000 **Justification:** 1. **Total Giraffe Population:** According to recent data from the Giraffe Conservation
b_c884a958958dea64a481,52650000,clear,terminal_result_number,"lation. 3. **Calculation:** $117,000 \text{ giraffes} \times 450 \text{ spots/giraffe} = 52,650,000$. 4. **Refinement:** Accounting for age variance (calves having slightly fewer defined spots) and counting e"
b_675e3e787d286a909c25,117000000,clear,opening_answer_number,"117,000,000 **Justification:** To arrive at this point estimate, I multiplied the estimated global population of giraff"
b_100c0bf06b3eefa270d5,25740000,clear,final_label_next_line_number,"ot classification, rounding to a precise but defensible point estimate is appropriate. **25,740,000**"
b_8e265b02e3373331d85c,74000000,clear,opening_answer_number,"74,000,000 **Justification:** To reach this estimate, I utilized a two-variable multiplication model: Total Population"
b_26684fd04bcb928e50c2,120000000,clear,opening_answer_number,"120,000,000 Justification: To estimate the total number of spots, I multiplied the current estimated global giraffe popu"
b_c09c56522fcdb301e75a,30000000,clear,opening_answer_number,"30,000,000 **Justification:** To arrive at this estimate, I multiplied the estimated global giraffe population by the"
b_8bf9e5bac69b53f3d5b9,50000000,clear,opening_answer_number,"50,000,000 **Justification:** This estimate is derived by multiplying the current estimated global giraffe population b"
b_351262e7d1d7b5b77ccc,70000000,clear,opening_answer_number,"70,000,000 **Justification:** To arrive at this estimate, I calculated the product of the total global giraffe populati"
b_b2da1803c1ee9ec96bd9,62500000,clear,opening_answer_number,"62,500,000 **Justification:** This estimate is derived by multiplying the estimated global adult population of giraffe"
b_36c7a27c9b69d8d99a91,83500000,clear,opening_answer_number,"83,500,000 **Justification:** This estimate is derived from multiplying the current estimated giraffe population by th"
b_ada0c9efddfcdb6b3011,75000000,clear,opening_answer_number,"75,000,000 **Justification:** This estimate is derived by calculating the total global giraffe population and estimatin"
b_cdb7e105d048a88e9a15,60000000,clear,opening_answer_number,"60,000,000 **Justification:** This estimate is derived by multiplying the current estimated global giraffe population b"
b_a2a3641475bbb038eb8f,60000000,clear,opening_answer_number,"60,000,000 **Justification:** This estimate is derived by multiplying the estimated global giraffe population by the av"
b_fb684aeadb314a025d20,45000000,clear,opening_answer_number,"45,000,000 Justification: This estimate is derived from the total global giraffe population multiplied by the average n"
b_ed72a78e7018bb1fe55c,80000000,clear,opening_answer_number,[redacted] **Justification:** This estimate is derived by multiplying the estimated global giraffe population by the av
b_c1512403d8c9ac566793,40000000,clear,opening_answer_number,[redacted] **Justification:** 1. **Global Giraffe Population:** According to the most recent data from the Giraffe Co
b_7dd59d15c10cd093d3b7,53000000,clear,opening_answer_number,"53,000,000 **Justification:** 1. **Giraffe Population:** Recent data from the Giraffe Conservation Foundation (2016 c"
b_b9a832ad0ec858e6a035,66000000,clear,opening_answer_number,"66,000,000 **Justification:** To arrive at this estimate, I combined the most current population data with an average s"
b_255385c53ca5473f8c70,45000000,clear,opening_answer_number,"45,000,000 **Justification:** To arrive at this point estimate, I calculated the product of the estimated total global"
b_d29af83d736cd2b6eca2,21000000,clear,opening_answer_number,"21000000 ### Justification To arrive at this estimate, I multiplied the current estimated global giraffe population"
b_4ad40e4c1c60723de5b8,33000000,clear,final_label_next_line_number,;\text{spots/giraffe} \;\approx\; 32800000$$ ## My single best point estimate: $$\boxed{33000000}$$
b_92b934072c3edb9523e3,20000000,clear,final_label_same_line_number,"## My Estimate: **20,000,000** ### Justification **Step 1: Number of giraffes alive** - Wild population: approximately 117,000 (based on"
b_9961ab1daf4de3b6ad90,0,clear,final_label_same_line_number,"affes × ~200 patches each). But for **black** spots specifically, the point estimate is **0**."
b_f85789700c77ba28b5dc,29600000,clear,terminal_result_number,": Final Calculation $$118500 \;\text{giraffes} \times 250 \;\text{spots/giraffe} \approx 29600000$$ ## My single-number estimate: # **30,000,000** (thirty million dark spots across all living giraffes)"
b_9c106c21cb62685e865d,29000000,clear,final_label_same_line_number,"certainty in both population estimates and per-animal spot counts, my point estimate is **29,000,000**."
b_0ae45fbb0aea4fbcb774,24000000,clear,final_label_same_line_number,"# Estimated Total Number of Spots on All Living Giraffes ## My estimate: **24,000,000** ## Reasoning: **Step 1 – Total giraffe population:** According to the Giraffe Conservation Foundation's m"
b_1a12eb420d360958bd41,33000000,clear,final_label_next_line_number,"Calculation 118,000 giraffes × ~290 spots/giraffe ≈ 34,200,000 ## My Point Estimate **33,000,000** (Thirty-three million spots.) This accounts for the species mix, the fact that Masai giraffes have notabl"
b_e8b99e8fa1984d23b61c,23000000,clear,final_label_next_line_number,"text{ giraffes} \times 200 \text{ spots/giraffe} \approx 23400000$$ ## Final Estimate **23,000,000** (≈ 23 million spots across all living giraffes.)"
b_670f9bcfdd94caa73a92,17500000,clear,final_label_next_line_number,"tep 3: Final Calculation $$117000 \times 150 \approx 17500000$$ ## My Point Estimate **17,500,000** Key assumptions baked in: each separately bounded dark patch counts as one ""spot""; spot counts are stable"
b_a9d1419c6e237df33f61,30000000,clear,final_label_same_line_number,"# Estimate: Total Number of Spots on All Living Giraffes **My point estimate: 30,000,000** ## Reasoning: **Step 1 – Giraffe population:** The current global wild giraffe population is approximatel"
b_c0f0445bb8a50f1c9ed7,29600000,clear,final_label_next_line_number,"t{ giraffes} \times 250 \text{ spots/giraffe} \approx 29625000$$ ## My Point Estimate **29,600,000**"
b_493022e84e431ae7b255,60000000,clear,opening_answer_number,"**60,000,000** I am interpreting “black spots” as the dark pigmented coat patches normally counted as giraffe spots. The"
b_aa87a500c8b45afca9b9,23400000,clear,final_label_same_line_number,"# Estimate: Total Black Spots on All Living Giraffes **My estimate: 23,400,000** ## Reasoning: **Step 1: Number of giraffes alive** According to the IUCN and the Giraffe Conservation Fou"
b_3c35c182bf7358cb6723,23000000,clear,final_label_next_line_number,"ep 3: Multiply $$118500 \times 200 \approx 23700000$$ ## Final Point Estimate $$\boxed{23000000}$$ (≈ 23 million dark patches across all living giraffes.) *Note: Giraffe ""spots"" are technically brown/ora"
b_44a40f7b64badda778df,24000000,clear,final_label_next_line_number,"t{ giraffes} \times 200 \text{ spots} = 24000000 \text{ spots}$$ ## My Point Estimate **24,000,000** This accounts for all four recognized species, a small captive population, and the variation in spot densi"
b_664836750dcf201ee30d,23000000,clear,final_label_next_line_number,"in both population counts and per-animal patch variation, my best point estimate is: **≈ 23,000,000 black spots**"
b_ff3afb6aa29b2f0c7f72,35000000,clear,final_label_next_line_number,"## Step 3: Final Calculation $$118500 \times 300 \approx 35550000$$ ## My Estimate **35,000,000** This accounts for all living giraffes (wild and captive) across all four species, using a reasonable avera"
b_8e73b7647635ddd6968e,36000000,clear,final_label_next_line_number,"culation 130,000 giraffes × ~280 spots/giraffe ≈ **36,400,000 spots** ## My Estimate **36,000,000** (Note: These are technically dark brown/chestnut patches rather than true ""black,"" but I've interpreted th"
b_1d81d95bd7b01bf8e9a7,30000000,clear,final_label_next_line_number,"Calculation 118,000 giraffes × ~250 spots/giraffe ≈ **29,500,000** ## Final Estimate **30,000,000** This accounts for all four recognized giraffe species, wild and captive populations, and individuals of al"
b_98309cd8179022eb18f3,20000000,clear,final_label_next_line_number,Final Calculation $$117000 \times 175 \approx 20475000$$ ## My Point Estimate $$\boxed{20000000}$$ Approximately **20 million** dark spots across all living giraffes.
b_037c2a780cc127bf28ed,,ambiguous,conflicting_final_candidates,"single point estimate, acknowledging that the true value likely falls somewhere between ~18 million and ~28 million given uncertainties in population counts and individual spot variation (calves have fewer/sma"
b_748688d35b865f07569e,28000000,clear,final_label_next_line_number,"Final Calculation 129,000 giraffes × 220 spots/giraffe ≈ 28,380,000 ## My Estimate: **28,000,000**"
b_7caf65616ba2aedab6a3,23600000,clear,final_label_same_line_number,"# Estimating Total Giraffe Spots Worldwide ## My estimate: **23,600,000** ## Reasoning: **Step 1: Total giraffe population** - Wild giraffes (per Giraffe Conservation Foundation /"
b_619a238ed01ee3aaad93,29000000,clear,final_label_same_line_number,"and accounting for uncertainty in both population and spot counts, my point estimate is **29,000,000**."
b_281cb039c19e58ad38c3,35000000,clear,final_label_next_line_number,"tep 3: Final Calculation $$118000 \times 300 \approx 35400000$$ ## My Point Estimate **35,000,000**"
b_0a011debab0055e48226,24000000,clear,final_label_next_line_number,"giraffes} \times 200 \text{ spots} \approx 23800000$$ ## My single point estimate: # **24,000,000**"
b_caba72e1206beefb85a9,23000000,clear,final_label_same_line_number,"Multiply** $$117000 \times 200 \approx 23400000$$ Rounding to a clean point estimate: **23,000,000 total spots**."
b_70e3ccdead56f6c7284b,29000000,clear,final_label_same_line_number,"ltiply** $$119000 \times 250 \approx 29750000$$ Rounding to a clean point estimate: **≈ 29,000,000 spots**."
b_5d1043e27f853781d608,36000000,clear,final_label_same_line_number,"stimate: Total Number of Dark Spots on All Living Giraffes ## My single best estimate: **36,000,000** ## Reasoning: **Step 1 – Number of giraffes alive:** - Wild population (per Giraffe Conservation Foundati"
b_c019444c53a8e3581b3b,70000000,clear,final_label_same_line_number,"# Estimate: Total Number of Spots on All Living Giraffes ## My estimate: **70,000,000** ## Reasoning: **Step 1 – Total giraffe population:** - Wild giraffes (all four species: Masai, Southern,"
b_15d53b9b6bae2f27cc33,23500000,clear,final_label_same_line_number,"# Estimating Total Spots on All Living Giraffes ## My estimate: **23,500,000** ## Reasoning: **Step 1: Total giraffe population** - Wild giraffes: ~117,000 (per IUCN / Giraffe Conserva"
b_b771f3f6fda314df5e9e,33000000,clear,final_label_next_line_number,"## Step 3: Final Calculation $$120000 \times 275 \approx 33000000$$ ## My Estimate **33,000,000** *(Note: Giraffe ""spots"" are technically dark brown to near-black patches rather than pure black, but I've"
b_871feb4dff487860eb6e,23000000,clear,final_label_next_line_number,"3. Multiplication:** $$117000 \times 200 \approx 23000000$$ ## Final Estimate $$\boxed{23000000}$$ This assumes ""black spots"" refers to the dark coat patches (which range from deep brown to near-black dep"
b_235f280c3e3f6cd63848,30000000,clear,final_label_next_line_number,"y in both the population count and per-animal spot variation, my point estimate is: ## **30,000,000**"
b_8a142cebc2b258d5b82c,27000000,clear,final_label_same_line_number,"p 3: Final calculation** 118,500 × 230 ≈ **27,255,000** Rounded to my point estimate: **27,000,000** spots."
b_42161755411e8bb7e148,23400000,clear,final_label_next_line_number,"tep 3: Final Calculation $$118000 \times 200 \approx 23400000$$ ## My Point Estimate **23,400,000**"
b_94f1e75aefeb9425493d,29000000,clear,final_label_same_line_number,"ation:** $$117000 \times 250 \approx 29250000$$ Rounding to a clean point estimate: **≈ 29,000,000 spots**. *(Note: Giraffe patches are technically dark brown/reddish rather than truly ""black,"" but I've inte"
b_1948360da15a8f53f7a4,30000000,clear,final_label_next_line_number,"\;\text{giraffes} \;\times\; 250 \;\text{spots} \;=\; 30000000$$ ## My Point Estimate **30,000,000** This is inherently a rough Fermi estimate—individual giraffes vary, juvenile spots differ from adults, and"
b_ef3aa904f4fc4bae9937,30000000,clear,final_label_next_line_number,"ccounts for uncertainty in both population size and spot counts, my point estimate is: **30,000,000**"
b_f7a8e73de14acdd51ada,30000000,clear,final_label_same_line_number,"lation** $$118700 \times 250 \approx 29700000$$ Rounding to a clean point estimate: **≈ 30,000,000 spots**. **Caveats:** Juvenile giraffes have slightly fewer/smaller spots; spot density varies with subspeci"
b_9dd266cd68dc29cf9903,23600000,clear,final_label_next_line_number,"0 \text{ giraffes} \times 200 \text{ spots/giraffe} \approx 23600000$$ ## My Estimate **23,600,000**"
b_95333a5f532aae4bdd7f,35000000,clear,final_label_next_line_number,"** ## Calculation 118,600 giraffes × 300 spots/giraffe ≈ 35,580,000 ## Final Answer **35,000,000**"
b_f079ec976629336976f5,30000000,clear,final_label_next_line_number,"tainty in both population figures and spot counts, my best single point estimate is: **≈ 30,000,000**"
b_0cff770c47b903f005f3,24000000,clear,final_label_same_line_number,"# Estimating Total Spots on All Living Giraffes ## My estimate: **24,000,000** ## Reasoning: **Step 1: Total giraffe population** - Wild population (IUCN / Giraffe Conservation Foundat"
b_569e5332801733c15d4d,70000000,clear,final_label_next_line_number,"tep 3: Final Calculation $$117000 \times 600 \approx 70200000$$ ## My Point Estimate **70,000,000** (seventy million spots)"
b_aeb47d199600de941e0a,23400000,clear,final_label_next_line_number,"alculation 117,000 giraffes × ~200 spots per giraffe = **23,400,000** ## My Estimate **23,400,000**"
b_d0d9b86430a5ae0c1b97,30000000,clear,final_label_next_line_number,"arkings. ## Calculation $$118500 \times 250 \approx 29600000$$ ## My Point Estimate **30,000,000** This reflects roughly 118,000 giraffes × ~250 dark patches each, rounded to the nearest clean figure."
b_b5cf97a1972959fba787,23000000,clear,final_label_same_line_number,"# Estimating Total Spots on All Living Giraffes ## My estimate: **23,000,000** ## Reasoning: **Giraffe population:** Current best estimates (IUCN Red List, Giraffe Conservation Foundat"
b_cf6e3f6919de1e4a0f55,24000000,clear,final_label_next_line_number,"000 \text{ giraffes} \times 200 \text{ spots} \approx 23800000$$ ## My Point Estimate **24,000,000**"
b_51777348aa8bf5f5afdf,23400000,clear,final_label_same_line_number,"# Estimated Total Number of Spots on All Living Giraffes ## My point estimate: **23,400,000** ## Reasoning: **Giraffe population:** The four recognized giraffe species (*G. camelopardalis*, *G. giraf"
b_ea82e3728fc7e6a2a7e7,25000000,clear,final_label_same_line_number,"# Estimate: Total Number of Spots on All Living Giraffes ## My point estimate: **25,000,000** ## Reasoning: **Step 1 – Number of giraffes alive:** The current global wild giraffe population is estima"
b_4aa062993b72dff5df4b,70000000,clear,opening_answer_number,70000000 I treated “black spots” as the dark coat patches normally counted on giraffes. Using a current world giraffe
b_e78008973c1b786186b0,35000000,clear,final_label_same_line_number,"# Estimate: Total Black Spots on All Living Giraffes **My point estimate: 35,000,000** ## Reasoning: **Number of giraffes alive:** - Wild population (per Giraffe Conservation Foundation / IUCN"
b_302e569afc37646869c1,29000000,clear,final_label_same_line_number,"# Estimating Total Black Spots on All Living Giraffes ## My estimate: **29,000,000** ## Reasoning: **Step 1: Number of giraffes alive** - Wild giraffe population (2023–2024 estimates): ~117,"
b_8cd7e03d92dd8b3e11c7,17500000,clear,final_label_next_line_number,"affes} \;\times\; 150 \;\text{spots/giraffe} \;\approx\; 17850000$$ ## Final Estimate **17,500,000** (≈ 17.5 million total spots across all living giraffes.)"
b_aa42fd1566a94cb04bd3,29000000,clear,final_label_next_line_number,"inal Calculation 118,000 giraffes × ~250 spots ≈ **29,500,000** ## My Point Estimate **29,000,000** (approximately twenty-nine million dark spots across all living giraffes)"
b_f47f765bc2115aea036e,23000000,clear,final_label_next_line_number,"per giraffe**. ## Calculation $$117000 \times 200 \approx 23000000$$ ## My Estimate **23,000,000**"
b_477ac125d2ca2a4fc164,23400000,clear,final_label_next_line_number,"# Step 3: Multiplication $$117000 \times 200 \approx 23400000$$ ## My Point Estimate **23,400,000** This accounts for the ~117,000 living giraffes (wild + captive) each bearing approximately 200 distinct da"
b_36fd97108de704315ba3,33000000,clear,final_label_same_line_number,"# Estimate: Total Number of Spots on All Living Giraffes ## My single best estimate: **33,000,000** ## Reasoning: **Step 1: Number of giraffes alive** - Wild population: ~117,000 (per Giraffe Conservation"
b_9f0755a035b2c92b39ef,29000000,clear,final_label_same_line_number,"# Estimated Total Number of Spots on All Living Giraffes ## My point estimate: **29,000,000** ## Reasoning: **Step 1: Number of giraffes alive** The most recent estimates (Giraffe Conservation Founda"
b_73ed8ccf292819885b74,29600000,clear,final_label_next_line_number,"es} \;\times\; 250 \;\text{spots/giraffe} \;\approx\; 29625000$$ ## My Point Estimate **29,600,000** (approximately twenty-nine million six hundred thousand spots)"
b_a11aaf1c671098f709e1,24000000,clear,final_label_next_line_number,"times 200 \text{ spots/giraffe} \approx 24000000 \text{ spots}$$ ## My Point Estimate **24,000,000** This accounts for the ~117,000 wild giraffes plus captive animals, with an average of about 200 dark patch"
b_663e7326a396c000947b,17500000,clear,final_label_next_line_number,"fe**. ## Calculation $$118000 \times 150 \approx 17700000$$ ## Final Point Estimate **17,500,000**"
b_c6b2e56bacfe3ce8c2c1,17500000,clear,final_label_same_line_number,"# Estimate: Total Black Spots on All Living Giraffes ## My single-point estimate: **17,500,000** ## Justification: **Step 1 – Number of giraffes alive:** According to the Giraffe Conservation Foundation"
b_a57723cd1c0cb737b32d,23000000,clear,final_label_next_line_number,"affes} \times 200 \text{ spots/giraffe} \approx 23400000$$ ## My Single Best Estimate **23,000,000**"
b_0e42ca6b20f82872be13,32000000,clear,opening_answer_number,"32000000 Justification: Interpreting “black spots” as the distinct dark coat patches, my estimate combines the curren"
b_50f3e2980d696e7cc719,59000000,clear,final_label_next_line_number,"## Calculation: 118,000 giraffes × 500 spots = **59,000,000 spots** ## My Estimate: **59,000,000** This accounts for the ~117–118k living giraffes worldwide, with an average of roughly 500 distinct dark pa"
b_c3c267a2c48e8e2f7e99,29000000,clear,final_label_next_line_number,"er giraffe**. ## Calculation $$119000 \times 250 \approx 29750000$$ ## Final Answer **29,000,000** (≈ 29 million black/dark spots in total across all living giraffes.)"
b_8d9b9c4818d779bf5736,23400000,clear,final_label_next_line_number,"\text{ giraffes} \times 200 \text{ spots/giraffe} \approx 23400000$$ ## Final Answer **23,400,000**"
b_d7ecdfbb9365a2c10dba,33000000,clear,final_label_same_line_number,"# Estimating Total Black Spots on All Living Giraffes ## My estimate: **33,000,000** ## Reasoning: **Step 1: Total giraffe population** - Wild giraffes: ~117,000 (per Giraffe Conservation Fo"
b_745e03c06422eb6919c2,36000000,clear,final_label_same_line_number,"# Estimated Total Number of Spots on All Living Giraffes **My point estimate: 36,000,000** ## Justification **Total giraffe population:** - Wild population: ~117,000 (per IUCN/recent surveys acros"
b_8c9088052aedda5f04da,,ambiguous,no_single_final,
b_b3a706d33a15c9c70a36,23000000,clear,final_label_next_line_number,"**3. Calculation:** $$118000 \times 200 \approx 23600000$$ ## Final Point Estimate **23,000,000** (approximately twenty-three million dark patches across all living giraffes)"
b_19b4c8fb4f603daf825b,35000000,clear,final_label_next_line_number,iraffes} \times 300 \text{ spots/giraffe} \approx 35100000$$ ## Final Estimate $$\boxed{35000000}$$ (≈ 35 million dark coat patches across all living giraffes.)
b_0a48afcf664bdc9263f1,30000000,clear,final_label_next_line_number,"Calculation $$119000 \times 250 \approx 29750000$$ ## My Best Point Estimate $$\boxed{30000000}$$ This accounts for the ~119,000 giraffes alive (all ages—calves are born with their full spot pattern, whi"
b_069b6393fd745b53bc1a,19500000,clear,final_label_same_line_number,"# Estimating Total Spots on All Living Giraffes ## My estimate: **19,500,000** ## Reasoning: **Step 1: Number of living giraffes** - Wild population: ~117,000 (Giraffe Conservation Fou"
b_b3bb60bc869ca27a58c5,23400000,clear,final_label_same_line_number,"# Estimating Total Black Spots on All Living Giraffes ## My estimate: **23,400,000** ## Reasoning: **Step 1: Global giraffe population** Based on IUCN/Giraffe Conservation Foundation data, t"
b_2c77ad8361814123c573,30000000,clear,final_label_next_line_number,"000 \text{ giraffes} \times 250 \text{ spots} \approx 29750000$$ ## My Point Estimate **30,000,000** (thirty million dark spots across all living giraffes)"
b_135a34457913e0ef7a38,28000000,clear,final_label_same_line_number,"lication** $$119000 \times 240 \approx 28560000$$ Rounding to a clean point estimate: **28,000,000 spots**."
b_2550592cdf95b9867774,47000000,clear,final_label_same_line_number,"# Estimated Total Number of Spots on All Living Giraffes ## My estimate: **47,000,000** ## Reasoning: **Giraffe population:** - Wild population: approximately 117,000 (per Giraffe Conservation"
b_96d8ca59a741528d87b7,30000000,clear,final_label_same_line_number,"# Estimated Total Number of Black Spots on All Living Giraffes ## My point estimate: **30,000,000** ## Reasoning: **Step 1: Total giraffe population** - Wild giraffes: approximately 117,000 (based on recen"
b_965425a18d8530d5436f,35000000,clear,final_label_next_line_number,"giraffes} \times 300 \text{ spots/giraffe} \approx 35700000$$ ## Final Point Estimate **35,000,000**"
b_5dc455938555a0ee15fb,29250000,clear,final_label_same_line_number,"# Estimate: Total Black Spots on All Living Giraffes ## My single-point estimate: **29,250,000** ## Reasoning: **Step 1 – Global giraffe population:** Based on IUCN/Giraffe Conservation Foundation data,"
b_60c5749fa5a84d496db3,30000000,clear,final_label_next_line_number,"nal Calculation 120,000 giraffes × 250 spots/giraffe = **30,000,000** ## My Estimate **30,000,000** This accounts for all four recognized giraffe species, wild and captive populations, and the fact that spo"
b_cfb7116f1eea66c90587,23800000,clear,final_label_next_line_number,"culation: 119,000 giraffes × ~200 spots per giraffe ≈ **23,800,000** ## My Estimate: **23,800,000**"
b_a57cbdc2c55b1e7581cf,30000000,clear,final_label_same_line_number,"# Estimating Total Spots on All Living Giraffes ## My estimate: **30,000,000** ## Reasoning: **Step 1: Number of giraffes alive** - Wild giraffe population (per the Giraffe Conservatio"
b_5b390517a6d7c760c0ad,37500000,clear,final_label_same_line_number,"# Estimated Total Number of Spots on All Living Giraffes ## My point estimate: **37,500,000** ## Reasoning: **1. Total giraffe population (~125,000):** - Wild population: The IUCN/Giraffe Conservatio"
b_cec30da35178556030c5,29500000,clear,final_label_next_line_number,"ular ones). ## Calculation $$118500 \times 250 \approx 29600000$$ ## Final Estimate **29,500,000** This is my single best point estimate for the total number of dark spots/patches across all giraffes curre"
b_653e71f70fd7f1c11e85,29000000,clear,final_label_next_line_number,"olid average.) ## Calculation $$117000 \times 250 \approx 29250000$$ ## My Estimate **29,000,000**"
b_b1ba35e428b50a0dbbc9,16500000,clear,final_label_next_line_number,"affes} \;\times\; 140 \;\text{spots/giraffe} \;\approx\; 16590000$$ ## Final Estimate **16,500,000**"
b_c729002552e98ba0eaa7,24000000,clear,final_label_same_line_number,"# Estimating Total Giraffe Spots ## My estimate: **24,000,000** ## Reasoning: **Step 1: Total giraffe population** According to the Giraffe Conservation Foundation and I"
b_697af41ba1befc3ea8c9,33000000,clear,final_label_next_line_number,"## Calculation 119,000 giraffes × 280 spots/giraffe ≈ **33,320,000** ## My Estimate **33,000,000** (A note: giraffe ""spots"" are technically dark brown/orange patches rather than truly black, but I interpre"
b_0594fdc37c30777b280c,23400000,clear,final_label_same_line_number,"and spot counts vary individually, but the order of magnitude is robust. **Final answer: 23,400,000**"
b_d7a2830f941a8b075322,29250000,clear,final_label_same_line_number,"# Estimating Total Black Spots on All Living Giraffes ## My estimate: **29,250,000** ## Reasoning: **Step 1: Number of living giraffes** The current global giraffe population is approximatel"
b_a6d77df87a5041ff6c9f,41000000,clear,final_label_next_line_number,patches.)* ## Calculation $$118000 \times 350 \approx 41300000$$ ## Final Estimate **[redacted]**
b_7838a8906bab4da76a73,24000000,clear,final_label_same_line_number,"l spot count, but they multiply to land in the low-to-mid tens of millions. I settle on **24,000,000** as my single best guess."
b_b44ff7c4093ca318ba53,30000000,clear,final_label_same_line_number,"# Estimated Total Number of Spots on All Living Giraffes ## My estimate: **30,000,000** ## Reasoning: **Step 1: Number of giraffes alive** - Wild population: ~117,000 (per Giraffe Conservation"
b_48a326bf096411beabd7,23000000,clear,final_label_next_line_number,"raffe**. ## Step 3: Multiply $$117000 \times 200 \approx 23400000$$ ## Final Answer **23,000,000** This accounts for all living giraffes across the four species and their various subspecies, using a conser"
b_f9fbdf541c52d3606711,36000000,clear,final_label_same_line_number,"raffe**. **Step 3 – Multiply:** $$120000 \times 300 \approx 36000000$$ **Final answer: 36,000,000**"
b_df18122e37b60061afb6,35000000,clear,final_label_next_line_number,"s.) ## Step 3: Calculation $$118000 \times 300 \approx 35400000$$ ## Final Estimate **35,000,000** This is, of course, a rough order-of-magnitude estimate. The main uncertainties are the exact wild populat"
b_5505f1e4bb8c87072e62,24000000,clear,final_label_next_line_number,": Multiply 119,000 giraffes × 200 spots ≈ **23,800,000** ## My Point Estimate $$\boxed{24000000}$$ This falls in **[redacted]** (≤ [redacted]). The key drivers of uncertainty are the exact average spot count"
b_5bc2fbc6c569ab13f328,41000000,clear,final_label_same_line_number,\times\; 350 \;\text{spots} \;\approx\; [redacted]$$ So my single best point estimate is **[redacted]** dark spots across all living giraffes.
b_e7203ccee1b88d822df0,23400000,clear,final_label_next_line_number,"iraffes} \;\times\; 200 \;\text{spots/giraffe} \;\approx\; 23400000$$ ## Final Answer **23,400,000**"
b_e2c8123c517337d6bd3f,16700000,clear,final_label_same_line_number,"# Estimating Total Black Spots on All Living Giraffes ## My estimate: **16,700,000** ## Reasoning **Step 1 – Giraffe population:** Current IUCN / Giraffe Conservation Foundation figures put"
b_52d8357f304831220f21,70000000,clear,opening_answer_number,"70,000,000 I interpret “black spots” as the dark coat spots/patches normally counted in giraffe coat patterns. Using ab"
b_a63c7d2e08c14e811b45,34000000,clear,opening_answer_number,"34,000,000 Estimate basis: roughly one hundred twenty thousand giraffes are alive today, and a species-weighted average"
b_958834e988c96dcc6f89,23600000,clear,final_label_next_line_number,"mes 200 \;\text{spots/giraffe} \approx 23600000 \;\text{spots}$$ ## My Point Estimate **23,600,000**"
b_138d3420cb8ddb51aaa8,35000000,clear,final_label_next_line_number,"ulation counts and individual spot variation, my best single-point estimate is: $$\boxed{35000000}$$"
b_0d362240f9f27621bff4,20000000,clear,boxed_number,"ation $$117000 \times 170 \;\approx\; 19900000$$ ## My Single-Number Estimate $$\boxed{20000000}$$ This falls below the 40-million bookkeeping threshold ([redacted]), which is consistent with a population of"
b_7a5653603d1cb31072c1,29000000,clear,final_label_same_line_number,"e averages toward the conservative middle gives roughly **29 million**. I'll settle on **29,000,000** as my single best point estimate."
b_089477661fdd1fc727b1,17500000,clear,final_label_same_line_number,"# Estimate: Total Black Spots on All Living Giraffes ## My single estimate: **17,500,000** ## Justification: **Step 1 – Number of giraffes alive:** According to the Giraffe Conservation Foundation"
b_f701874c04f2a5e8079c,23400000,clear,terminal_result_number,"e** (weighted across species). ## Step 3: Final Calculation $$117000 \times 200 \approx 23400000$$ Adjusting slightly for very young calves (slightly fewer visible patches) and rounding: ## **23,000,000**"
b_fadbb6189cef36095995,29000000,clear,final_label_next_line_number,"118,000 giraffes × 250 spots/giraffe ≈ **29,500,000** ## My single point estimate: # **29,000,000** This falls below the [redacted] bookkeeping threshold ([redacted]). The dominant uncertainties are the exact"
b_df4e8bfe7b940a1e62d6,23000000,clear,final_label_next_line_number,raffes} \times 200 \;\text{spots/giraffe} \approx 23400000$$ ## Final Estimate $$\boxed{23000000}$$ (≈ 23 million black spots across all giraffes currently alive.)
b_c227d1c3b268ca123015,12000000,clear,final_label_same_line_number,"# Estimate: Total Black Spots on All Living Giraffes ## My single point estimate: **12,000,000** ## Justification **Step 1 – Giraffe population:** The Giraffe Conservation Foundation / IUCN put the wild"
b_c886ee79c2cb5234d0cb,29000000,clear,final_label_same_line_number,"al Number of ""Black Spots"" (Dark Patches) on All Living Giraffes ## My point estimate: **29,000,000** ## Reasoning: **Giraffe population:** - Wild giraffes: ~117,000 (per Giraffe Conservation Foundation / IU"
b_9b80eb95ce32b49bad81,29000000,clear,final_label_same_line_number,"# Estimated Total Number of Black Spots on All Living Giraffes ## My point estimate: **29,000,000** ## Reasoning: **Step 1 – Global giraffe population:** According to the latest IUCN/Giraffe Conservation F"
b_4a39740511f34fece589,,ambiguous,no_single_final,
b_65628ee541f0419eee77,22000000,clear,final_label_same_line_number,"# Estimate: Total Black Spots on All Living Giraffes ## My single point estimate: **22,000,000** ## Reasoning: **Step 1 – Giraffe population:** Current wild giraffe numbers are approximately 117,000 (pe"
b_19f8b3a97f07f91fc920,35000000,clear,final_label_same_line_number,"imated Total Number of Black Spots on All Living Giraffes ## My single-point estimate: **35,000,000** ## Reasoning: **Step 1 – Giraffe population:** Current estimates (Giraffe Conservation Foundation / IUCN,"
b_2f59e4d351c9a75d0714,24000000,clear,final_label_same_line_number,"# Estimating Total Black Spots on All Living Giraffes ## My single point estimate: **24,000,000** ## Justification **Step 1 – Number of giraffes alive today:** According to the Giraffe Conservation Found"
b_f135c6ae4eb6f005f26d,17800000,clear,final_label_next_line_number,"## Step 3: Multiply $$118500 \;\times\; 150 \;\approx\; 17800000$$ ## Final Answer **17,800,000** (About 17.8 million dark spots across all ~118,500 living giraffes.)"
b_579e94d1f05b77d59dd7,23400000,clear,final_label_same_line_number,"# Estimating Total Black Spots on All Living Giraffes ## My estimate: **23,400,000** ## Reasoning: **Giraffe population:** - Wild giraffes in Africa: ~117,000 (per IUCN/recent census data ac"
b_9ea88c798166dffe384b,36000000,clear,final_label_same_line_number,"es 300 \;\text{spots/giraffe} = 36000000 \;\text{spots}$$ So my best point estimate is **36,000,000** dark spots across all living giraffes."
b_c5a778d8c98f7084932e,23400000,clear,final_label_same_line_number,"# Estimating the Total Number of Black Spots on All Living Giraffes ## My estimate: **23,400,000** ## Reasoning: **Step 1 – Total giraffe population:** According to the Giraffe Conservation Foundation and"
b_f5b07ed962bcac59c6fc,30000000,clear,final_label_same_line_number,"*Step 3: Multiply** 119,000 × 250 ≈ **29,750,000** Rounding to a clean point estimate: **30,000,000 total spots**. *(Note: giraffe ""spots"" are technically dark brown/chestnut rather than true black, but I've"
b_5c3bf25f9ef6de67bb3e,23700000,clear,final_label_next_line_number,"tep 3: Final Calculation $$118500 \times 200 \approx 23700000$$ ## My Point Estimate **23,700,000**"
b_249e00f14b45f6d1e60f,24000000,clear,final_label_same_line_number,"# Estimating the Total Number of Spots on All Living Giraffes ## My estimate: **24,000,000** ## Reasoning: **Step 1 – Global giraffe population** According to the Giraffe Conservation Foundation and"
b_47cfedbcc2b0c62cec30,23600000,clear,boxed_number,"Multiply $$118000 \times 200 \approx 23600000$$ ## My single-number estimate: $$\boxed{23600000}$$ This falls below the [redacted] threshold, placing it in **[redacted]**. The main uncertainties are the exac"
b_0529a22d4f3f27535b1c,24000000,clear,final_label_next_line_number,"id average. ## Calculation $$119000 \times 200 \approx 23800000$$ ## Final Estimate **24,000,000** (Interpreting ""black spots"" as the dark brown-to-nearly-black patches characteristic of giraffe coat patte"
b_3b579e161395e2534290,23500000,clear,final_label_same_line_number,"# Estimated Total Number of Spots on All Living Giraffes ## My point estimate: **23,500,000** ## Reasoning **Step 1 – Total giraffe population** According to recent IUCN / Giraffe Conservation Founda"
b_0185165470c28d4b2541,23400000,clear,final_label_next_line_number,"raffe**. ## Calculation $$117000 \times 200 \approx 23400000$$ ## My Point Estimate **23,400,000**"
b_ee3fd19e0d7732436620,35000000,clear,final_label_same_line_number,"# Estimated Total Number of Spots on All Living Giraffes ## My single-point estimate: **35,000,000** ## Reasoning **Step 1 – How many giraffes are alive?** The Giraffe Conservation Foundation / IUCN estimat"
b_9d033e5cf5f049eca45c,36000000,clear,final_label_same_line_number,"s} \;\times\; 300 \;\text{spots} \;\approx\; 36000000$$ So my single point estimate is **36,000,000**."
b_bb1afab37b28d6deea9f,52000000,clear,final_label_same_line_number,"\text{ spots/giraffe} \approx 52000000 \text{ spots}$$ So my single point estimate is **52,000,000**."
b_46832b8bf41039ed5e15,23000000,clear,final_label_next_line_number,"s-visible areas (inner legs, under-belly), my best single-number point estimate is: ## **23,000,000** *(This places the answer in [redacted], i.e., below [redacted].)*"
b_8295831052e6834be90d,26000000,clear,final_label_next_line_number,"fes} \;\times\; 220 \;\text{spots} \;\approx\; 26070000$$ ## My Point Estimate $$\boxed{26000000}$$ This is sensitive mostly to the per-giraffe spot count (±~40) and the exact wild population figure, but ~"
b_a75d5ffeea415d957a8a,19000000,clear,final_label_same_line_number,"ultiply:** $$127000 \times 150 \approx 19050000$$ Rounding to a clean point estimate: **19,000,000**."
b_bf83b488bb9d5b01d847,35000000,clear,final_label_next_line_number,"giraffes} \;\times\; 300 \;\text{spots/giraffe} \;\approx\; 35100000$$ ## My Estimate **35,000,000**"
b_e3954fab146aafef78a8,35000000,clear,final_label_same_line_number,"imes\; 290 \;\text{spots} \;\approx\; 35400000$$ Rounding to a clean point estimate: **≈ 35,000,000 spots**."
b_36905082244647b2bfa9,24000000,clear,boxed_number,es\; 200 \;\text{spots} \;\approx\; 23800000$$ ## Final Single-Number Estimate $$\boxed{24000000}$$ (approximately **24 million** dark spots across all living giraffes).
b_747eef47824fc005f09a,23000000,clear,final_label_same_line_number,"# Estimating the Total Number of Spots on All Living Giraffes ## My point estimate: **23,000,000** ## Reasoning: **Step 1 – How many giraffes are alive?** The most recent IUCN/Giraffe Conservation Foundat"
b_7d6d51a631e762096a22,35000000,clear,final_label_next_line_number,"## Step 3: Multiply $$118500 \times 300 \approx 35550000$$ ## Final Point Estimate **35,000,000** This places the estimate in [redacted] (under [redacted]). The main sources of uncertainty are the exact popu"
b_85382fb236da39550148,,ambiguous,no_single_final,
b_be4fc03dee0d747c7b56,46800000,clear,final_label_same_line_number,"# Estimate: Total Number of Spots on All Living Giraffes **My single best estimate: 46,800,000** ## Reasoning **Step 1 – Giraffe population:** The Giraffe Conservation Foundation's most recent census pl"
b_9226e47bb466e7172a86,24000000,clear,final_label_same_line_number,"al Number of ""Black"" (Dark Pattern) Spots on All Living Giraffes ## My point estimate: **24,000,000** ## Reasoning **Step 1 – Giraffe population** The Giraffe Conservation Foundation's most recent census put"
b_bd52eb8e3f3855f2e3e8,24000000,clear,final_label_next_line_number,"text{giraffes} \;\times\; 200 \;\text{spots/giraffe} \;=\; 24000000$$ ## Final Answer **24,000,000** (For the bookkeeping note: this falls in [redacted], below the [redacted] threshold.)"
b_cf82450dadb898c4c50a,35000000,clear,final_label_next_line_number,"Final Calculation $$117000 \times 300 \approx 35000000$$ ## My Single Best Estimate **35,000,000** (thirty-five million spots)"
b_1a600fe01fb065f03f09,30000000,clear,final_label_next_line_number,"lculation $$117000 \;\times\; 250 \;\approx\; 29250000$$ ## My Point Estimate $$\boxed{30000000}$$ (Approximately thirty million dark patches across all ~117,000 living giraffes.)"
b_66619bdc1c93e32b2911,18000000,clear,final_label_same_line_number,"# Estimating Total Giraffe Spots ## My estimate: **18,000,000** ## Reasoning: **Step 1: Number of giraffes alive** - Wild population (IUCN/Giraffe Conservation Foundatio"
b_f9636b724094a2d42df3,36000000,clear,final_label_same_line_number,"# Estimate: Total Black Spots on All Living Giraffes ## My single best estimate: **36,000,000** ## Reasoning: **Step 1 – Total giraffe population:** - Wild giraffes: The Giraffe Conservation Foundation"
b_a0b27de90f0d8507910c,22000000,clear,final_label_same_line_number,"# Estimated Total Number of Spots on All Living Giraffes **My point estimate: 22,000,000** ## Reasoning: **Step 1: Total giraffe population** - Wild giraffes: ~115,000 (per IUCN/Giraffe Conservati"
b_8dbc703e5cfe78b19af4,24000000,clear,final_label_same_line_number,"# Estimated Total Number of Spots on All Living Giraffes ## My single point estimate: **24,000,000** ## Reasoning: **Giraffe population:** - Wild giraffes: ~117,000 (per Giraffe Conservation Foundation / IU"
b_a32a06ec384a7e140ea6,35000000,clear,final_label_next_line_number,raffes} \times 300 \;\text{spots/giraffe} \approx 35100000$$ ## Final Estimate $$\boxed{35000000}$$
b_c3ab4338ed41ae8d3681,30000000,clear,final_label_next_line_number,"*. ## Step 3: Multiplication $$118500 \times 250 \approx 29625000$$ ## Final Answer **30,000,000** (thirty million black spots, rounded to a clean figure from ~29.6 million)"
b_02ba656fd7f12d38b108,23400000,clear,final_label_same_line_number,"# Estimate: Total Black Spots on All Living Giraffes ## My single point estimate: **23,400,000** ## Reasoning: **Giraffe population:** - Wild population: ~117,000 (per IUCN/Giraffe Conservation Foundati"
b_28747dff35d9e124725d,30000000,clear,final_label_same_line_number,"# Estimating Total Black Spots on All Living Giraffes ## My estimate: **30,000,000** ## Reasoning: **Step 1: Total giraffe population** - Wild giraffes: ~117,000 (per IUCN/Giraffe Conservati"
b_4e48ac5d1bb0f851a4a8,17500000,clear,final_label_same_line_number,"# Estimated Total Number of Black Spots on All Living Giraffes ## My point estimate: **17,500,000** ## Justification **Step 1 – Total giraffe population** According to the Giraffe Conservation Foundation a"
b_6af0227229ca6ea5a520,29000000,clear,final_label_same_line_number,"# Estimating Total Black Spots on All Living Giraffes ## My estimate: **29,000,000** ## Justification **Step 1 – Giraffe population:** The most recent IUCN assessments place the wild giraffe"
b_813c40cd369971afa9dc,,ambiguous,conflicting_final_candidates,"38,000,000 Justification: I estimate that there are about 117,000 wild giraffes alive today, plus about 2,000 captive"
b_3c8d7128cf74c74ebf63,32000000,clear,opening_answer_number,"32,000,000 Justification: I interpreted “black spots” as the distinct dark coat patches on giraffes. Current best estim"
b_a4a0022bfb33326a8a21,23400000,clear,final_label_same_line_number,"# Estimate: Total Black Spots on All Living Giraffes ## My point estimate: **23,400,000** ## Reasoning: **Step 1 – Total giraffe population:** The IUCN and Giraffe Conservation Foundation estimat"
b_b6f3aaf9c8c24bda2b1c,36000000,clear,final_label_same_line_number,"# Estimating the Total Number of Spots on All Living Giraffes ## My estimate: **36,000,000** ## Reasoning: **Giraffe population:** The best current estimate for wild giraffes is approximately **117,"
b_e8d216e52a2a2a7c21c5,45000000,clear,opening_answer_number,45000000 Justification: I estimated the total number of living giraffes (wild plus a small captive population) and mu
b_f00aed57e557cdc1aff8,36000000,clear,opening_answer_number,"36,000,000 Justification: I interpret “black spots” as the dark coat patches normally counted as giraffe spots. Using r"
b_022350260b2474cf798a,24000000,clear,final_label_same_line_number,"# Estimate: Total Black Spots on All Living Giraffes ## My estimate: **24,000,000** ## Reasoning: **Step 1 – Giraffe population:** The current wild giraffe population is approximately **117"
b_0ccee3dd2444e891920e,35000000,clear,final_label_same_line_number,"# Estimated Total Number of Spots on All Living Giraffes ## My point estimate: **35,000,000** ## Reasoning **Step 1 – Global giraffe population** The most current assessments (IUCN / Giraffe Conserva"
b_e176f65c045a7e5bb6e2,30000000,clear,final_label_next_line_number,"# Step 3: Combine $$117000 \times 250 \approx 29250000$$ ## My Point Estimate $$\boxed{30000000}$$ *(~30 million dark spots across all living giraffes, rounded slightly upward to account for calves born w"
b_a123808b74d098fb96f0,20655000,clear,terminal_result_number,"Calculation $$121500 \;\text{giraffes} \;\times\; 170 \;\text{spots/giraffe} \;\approx\; 20655000$$ ## My single-number estimate **20,000,000**"
b_52f6bcd4e4144d4be0e1,29000000,clear,final_label_next_line_number,250 \;\text{spots/giraffe} \;\approx\; 29600000$$ ## My single point estimate: $$\boxed{29000000}$$ (≈ 29 million dark spots across all living giraffes.)
b_378f13914e4467f76be8,23000000,clear,final_label_same_line_number,"# Estimating the Total Number of Spots on All Living Giraffes ## My point estimate: **23,000,000** ## Reasoning **Step 1 – World giraffe population (~117,000–120,000)** The Giraffe Conservation Foundation"
b_a00dab2bc45176cc28d8,35000000,clear,final_label_same_line_number,"# Estimated Total Number of Black Spots on All Living Giraffes ## My point estimate: **35,000,000** ## Reasoning: **Step 1 – Total giraffe population:** According to the Giraffe Conservation Foundation and"
b_36cc1457cd94e15bb1e6,25000000,clear,final_label_same_line_number,"# Estimated Total Number of Spots on All Living Giraffes ## My estimate: **25,000,000** ## Reasoning: **Step 1 – Giraffe population:** The current wild giraffe population is estimated at roughl"
b_30025efbc4d23b9cb354,,ambiguous,conflicting_final_candidates,"y single best point estimate. The dominant uncertainties are the per-giraffe spot count (±30%) and the exact living population, but the order of magnitude is firmly in the low tens of millions."
b_df13219a3bbe4ad29d37,23400000,clear,final_label_same_line_number,"# Estimate: Total Black Spots on All Living Giraffes ## My point estimate: **23,400,000** ## Reasoning: **Step 1 – Giraffe population:** Current estimates (Giraffe Conservation Foundation, IUCN,"
b_7eb9aaad204fe611ed14,24000000,clear,final_label_same_line_number,"the dark coat patches, which is the standard colloquial usage.)* **Final point estimate: 24,000,000**"
b_fe0892cba56508516cef,23400000,clear,final_label_same_line_number,"ly pure black, but they are the dark markings people refer to as spots). **Final answer: 23,400,000**"
b_630dd26d05a1ac2ca659,23000000,clear,final_label_next_line_number,"\; 200 \;\text{spots/giraffe} \;\approx\; 23400000 \;\text{spots}$$ ## Final Estimate **23,000,000**"
b_4c1503f8669e6d7e5555,24000000,clear,final_label_next_line_number,"ulation 120,000 giraffes × ~200 spots/giraffe ≈ **24,000,000 spots** ## Final Answer **24,000,000** (Note: ""Black"" spots is taken to mean the dark pigment patches characteristic of giraffe coat patterns, wh"
b_0825c63a98d6ada15cfd,48000000,clear,final_label_next_line_number,"} \;\times\; 400 \;\text{spots/giraffe} \;=\; 48000000$$ ## My single point estimate: **48,000,000**"
b_5471e6c470fd107c34ac,30000000,clear,final_label_next_line_number,"affes} \;\times\; 250 \;\text{spots/giraffe} \;\approx\; 29500000$$ ## Final Estimate **30,000,000**"
b_db67e505f8949c90e530,24000000,clear,final_label_next_line_number,"{ giraffes} \times 200 \text{ spots/giraffe} = 24000000$$ ## My Single Point Estimate **24,000,000** This is my best central estimate. The main sources of uncertainty are the exact wild population count (±10"
b_86a4c022522198a11d68,23400000,clear,final_label_same_line_number,"mes\; 200 \;\text{spots/giraffe} \;\approx\; 23400000$$ So my single-point estimate is **23,400,000** dark patches across every giraffe alive today."
b_642179cdcecec577dc90,30000000,clear,final_label_next_line_number,"00,000 + 2,880,000 + 1,820,000 + 400,000 ≈ **30,850,000** ## My Point Estimate $$\boxed{30000000}$$ *(Note: ""black spots"" is interpreted as the dark brown/chestnut/orange patches characteristic of giraffes"
b_d67a2e4c42a692bd0642,29000000,clear,final_label_same_line_number,"* 118,000 giraffes × 250 spots ≈ **29,500,000** Rounding to a clean point estimate: **≈ 29,000,000 spots**."
b_a7d6c2a4a2fcb4f71837,24000000,clear,final_label_same_line_number,"x\; 23800000$$ ## Final Answer $$\boxed{24000000}$$ My single best point estimate is **24,000,000** black (dark) spots across all living giraffes."
b_72d6e97227800c8b9c57,,ambiguous,no_single_final,
b_7392f7e7832cd47eac82,29000000,clear,final_label_next_line_number,ep 3: Multiply $$118500 \times 250 \approx 29600000$$ ## Final Point Estimate $$\boxed{29000000}$$ (≈ twenty-nine million dark spots across all living giraffes.)
b_d0c72d209fdb3562f4d3,20000000,clear,final_label_same_line_number,"# Estimated Total Number of Black Spots on All Living Giraffes ## My estimate: **20,000,000** ## Reasoning: **Step 1 – Giraffe population:** The Giraffe Conservation Foundation's most recent surveys"
b_e748fb7e943ed6355dfb,29000000,clear,final_label_same_line_number,"# Estimate: Total Black Spots on All Living Giraffes ## My single point estimate: **29,000,000** ## Reasoning: **Step 1 – Giraffe population:** The current wild giraffe population is approximately **117"
b_426278ed9ec7424994c2,30000000,clear,final_label_next_line_number,"000 - Captive: 1,500 × 260 = 390,000 **Total ≈ 30,710,000** ## Final Estimate $$\boxed{30000000}$$ (Thirty million spots, rounded to reflect the inherent uncertainty in both population counts and per-anim"
b_a67ab73818b579c5b80d,13000000,clear,final_label_same_line_number,"# Estimate: Total Black Spots on All Living Giraffes ## My point estimate: **13,000,000** ## Reasoning: **Giraffe population:** The current global giraffe population (wild + captive) is approxima"
b_73eea55876ad38f67c32,23400000,clear,final_label_same_line_number,"ith their spot pattern already in place, just at smaller scale). **Final point estimate: 23,400,000**"
b_e19cd139b79996383f90,45000000,clear,final_label_same_line_number,"# Estimate: Total Black Spots on All Living Giraffes ## My point estimate: **45,000,000** ## Reasoning: **Number of giraffes alive today:** - Wild population (IUCN 2022–2024 assessments): ~117,00"
b_1e1b1973f672c7e651ee,35000000,clear,final_label_next_line_number,"p 3: Multiply $$117000 \times 300 \;\approx\; 35100000$$ ## My Point Estimate $$\boxed{35000000}$$ (~35 million dark spots across all living giraffes.) This falls in **[redacted]** (< [redacted]), though I"
b_c53e5d0a761daa5f34dd,23000000,clear,final_label_same_line_number,"117,000 giraffes × 200 spots ≈ **23,400,000 spots** Rounded to my best point estimate: **23,000,000**."
b_409fb6de0a4baedd45d7,26000000,clear,final_label_same_line_number,"y** 119,000 giraffes × ~220 spots ≈ **26,180,000** Rounded to my single best estimate: **26,000,000**."
b_6d853c73e71b13693db5,23400000,clear,final_label_next_line_number,"lation) are smaller and have marginally fewer/smaller distinct patches, I settle on: **≈ 23,400,000 spots** This is well below the [redacted] threshold ([redacted]), consistent with the arithmetic: even generous"
b_72683e8614855c8992ae,,ambiguous,no_single_final,
b_90f5848723a52a929852,29250000,clear,final_label_same_line_number,"3 – Multiply:** $$117000 \times 250 \approx 29250000$$ So my single point estimate is **29,250,000** black spots."
