blinded_id,source_file,row_i,split,model,condition,anchor,provider,parser_estimate,parser_status,final_estimate,final_status,measurement_source
b_c98b273ccb986a69e5a5,qwen3.5-122b-a10b/irrelevant_number_41000000.json,0,pilot,qwen/qwen3.5-122b-a10b,irrelevant_number,41000000,SiliconFlow,44000000,clear,44000000,clear,parser_confirmed
b_c4d5b2cd920e6cb9198f,qwen3.5-122b-a10b/irrelevant_number_41000000.json,1,pilot,qwen/qwen3.5-122b-a10b,irrelevant_number,41000000,Novita,90000000,clear,90000000,clear,parser_confirmed
b_b991fde52ff1b0d656c7,qwen3.5-122b-a10b/irrelevant_number_41000000.json,2,pilot,qwen/qwen3.5-122b-a10b,irrelevant_number,41000000,Novita,,ambiguous,40000000,clear,blind_adjudication
b_e815e7927c1dcbf4e904,qwen3.5-122b-a10b/irrelevant_number_41000000.json,3,pilot,qwen/qwen3.5-122b-a10b,irrelevant_number,41000000,SiliconFlow,52000000,clear,52000000,clear,parser_confirmed
b_84d0f62f6ad65d008c0f,qwen3.5-122b-a10b/irrelevant_number_41000000.json,4,pilot,qwen/qwen3.5-122b-a10b,irrelevant_number,41000000,Novita,125000000,clear,125000000,clear,parser_confirmed
b_cfcebd6a8032e818855a,qwen3.5-122b-a10b/irrelevant_number_41000000.json,5,holdout,qwen/qwen3.5-122b-a10b,irrelevant_number,41000000,Novita,30000000,clear,30000000,clear,parser_confirmed
b_86dab31d024ab90f6dbf,qwen3.5-122b-a10b/irrelevant_number_41000000.json,6,holdout,qwen/qwen3.5-122b-a10b,irrelevant_number,41000000,DeepInfra,35000000,clear,35000000,clear,parser_confirmed
b_7aa7664a3b3a7e6eaa9a,qwen3.5-122b-a10b/irrelevant_number_41000000.json,7,holdout,qwen/qwen3.5-122b-a10b,irrelevant_number,41000000,Novita,54900000,clear,54900000,clear,parser_confirmed
b_651a23c47e7d618dd37a,qwen3.5-122b-a10b/irrelevant_number_41000000.json,8,holdout,qwen/qwen3.5-122b-a10b,irrelevant_number,41000000,DeepInfra,33000000,clear,33000000,clear,parser_confirmed
b_f9d8da67bfa0c317177e,qwen3.5-122b-a10b/irrelevant_number_41000000.json,9,holdout,qwen/qwen3.5-122b-a10b,irrelevant_number,41000000,DeepInfra,81900000,clear,81900000,clear,parser_confirmed
b_a5271b7e25c7acc9726a,qwen3.5-122b-a10b/irrelevant_number_41000000.json,10,holdout,qwen/qwen3.5-122b-a10b,irrelevant_number,41000000,DeepInfra,,ambiguous,70000000,clear,blind_adjudication
b_42cbd5d4332003e54f01,qwen3.5-122b-a10b/irrelevant_number_41000000.json,11,holdout,qwen/qwen3.5-122b-a10b,irrelevant_number,41000000,SiliconFlow,42000000,clear,42000000,clear,parser_confirmed
b_33bad18f5caea2aeb864,qwen3.5-122b-a10b/irrelevant_number_41000000.json,12,holdout,qwen/qwen3.5-122b-a10b,irrelevant_number,41000000,DeepInfra,65000000,clear,65000000,clear,parser_confirmed
b_1ae540e8468535fa43ad,qwen3.5-122b-a10b/irrelevant_number_41000000.json,13,holdout,qwen/qwen3.5-122b-a10b,irrelevant_number,41000000,SiliconFlow,41000000,clear,41000000,clear,parser_confirmed
b_b0ea62e4e4526611a9e7,qwen3.5-122b-a10b/irrelevant_number_41000000.json,14,holdout,qwen/qwen3.5-122b-a10b,irrelevant_number,41000000,SiliconFlow,44000000,clear,44000000,clear,parser_confirmed
b_04f84fd584737c3a2cf3,qwen3.5-122b-a10b/irrelevant_number_41000000.json,15,holdout,qwen/qwen3.5-122b-a10b,irrelevant_number,41000000,SiliconFlow,44000000,clear,44000000,clear,parser_confirmed
b_e75d359cddc59b2620ec,qwen3.5-122b-a10b/irrelevant_number_41000000.json,16,holdout,qwen/qwen3.5-122b-a10b,irrelevant_number,41000000,SiliconFlow,45000000,clear,47000000,clear,blind_adjudication
b_d120a9c39b2ae829d44f,qwen3.5-122b-a10b/irrelevant_number_41000000.json,17,holdout,qwen/qwen3.5-122b-a10b,irrelevant_number,41000000,DeepInfra,32000000,clear,32000000,clear,parser_confirmed
b_469ded9403732b77a16b,qwen3.5-122b-a10b/irrelevant_number_41000000.json,18,holdout,qwen/qwen3.5-122b-a10b,irrelevant_number,41000000,DeepInfra,41000000,clear,41000000,clear,parser_confirmed
b_db334fa225313565ba87,qwen3.5-122b-a10b/irrelevant_number_41000000.json,19,holdout,qwen/qwen3.5-122b-a10b,irrelevant_number,41000000,SiliconFlow,36000000,clear,36000000,clear,parser_confirmed
b_efb2f795066907706473,qwen3.5-122b-a10b/irrelevant_number_41000000.json,20,holdout,qwen/qwen3.5-122b-a10b,irrelevant_number,41000000,DeepInfra,37500000,clear,37500000,clear,parser_confirmed
b_b1ef63efc9b3892da3a2,qwen3.5-122b-a10b/irrelevant_number_41000000.json,21,holdout,qwen/qwen3.5-122b-a10b,irrelevant_number,41000000,DeepInfra,80000000,clear,80000000,clear,parser_confirmed
b_0a5b05fbc9eb9af00198,qwen3.5-122b-a10b/irrelevant_number_41000000.json,22,holdout,qwen/qwen3.5-122b-a10b,irrelevant_number,41000000,DeepInfra,46800000,clear,46800000,clear,parser_confirmed
b_b72e31f5bd4e00a66df6,qwen3.5-122b-a10b/irrelevant_number_41000000.json,23,holdout,qwen/qwen3.5-122b-a10b,irrelevant_number,41000000,SiliconFlow,42000000,clear,42000000,clear,parser_confirmed
b_96d4a8dcda5c1a286ca4,qwen3.5-122b-a10b/irrelevant_number_41000000.json,24,holdout,qwen/qwen3.5-122b-a10b,irrelevant_number,41000000,Novita,76000000,clear,76000000,clear,parser_confirmed
b_37e90c48f59cf088cec5,qwen3.5-122b-a10b/irrelevant_number_41000000.json,25,holdout,qwen/qwen3.5-122b-a10b,irrelevant_number,41000000,SiliconFlow,40000000,clear,40000000,clear,parser_confirmed
b_654a6d9eee893dde5c03,qwen3.5-122b-a10b/irrelevant_number_41000000.json,26,holdout,qwen/qwen3.5-122b-a10b,irrelevant_number,41000000,Novita,40000000,clear,40000000,clear,parser_confirmed
b_f5bc7960d9b854ec7962,qwen3.5-122b-a10b/irrelevant_number_41000000.json,27,holdout,qwen/qwen3.5-122b-a10b,irrelevant_number,41000000,DeepInfra,40000000,clear,40000000,clear,parser_confirmed
b_fb1b120db07cb9644780,qwen3.5-122b-a10b/irrelevant_number_41000000.json,28,holdout,qwen/qwen3.5-122b-a10b,irrelevant_number,41000000,SiliconFlow,40500000,clear,40500000,clear,parser_confirmed
b_adeaeb7402f8b4da26b1,qwen3.5-122b-a10b/irrelevant_number_41000000.json,29,holdout,qwen/qwen3.5-122b-a10b,irrelevant_number,41000000,SiliconFlow,,ambiguous,23400000,clear,blind_adjudication
b_ac9a6aa1628c83d4d4b1,qwen3.5-122b-a10b/irrelevant_number_41000000.json,30,holdout,qwen/qwen3.5-122b-a10b,irrelevant_number,41000000,DeepInfra,22000000,clear,22000000,clear,parser_confirmed
b_4b6cd3b33adcb2586f67,qwen3.5-122b-a10b/irrelevant_number_41000000.json,31,holdout,qwen/qwen3.5-122b-a10b,irrelevant_number,41000000,Novita,35500000,clear,35500000,clear,parser_confirmed
b_8779c5e8bac5120844ae,qwen3.5-122b-a10b/irrelevant_number_41000000.json,32,holdout,qwen/qwen3.5-122b-a10b,irrelevant_number,41000000,DeepInfra,35000000,clear,35000000,clear,parser_confirmed
b_7528917fcbc5276af50f,qwen3.5-122b-a10b/irrelevant_number_41000000.json,33,holdout,qwen/qwen3.5-122b-a10b,irrelevant_number,41000000,DeepInfra,42000000,clear,42000000,clear,parser_confirmed
b_9277a53e72d4cc6a3b9b,qwen3.5-122b-a10b/irrelevant_number_41000000.json,34,holdout,qwen/qwen3.5-122b-a10b,irrelevant_number,41000000,SiliconFlow,42000000,clear,42000000,clear,parser_confirmed
b_d2f3549d046b9e92eb19,qwen3.5-122b-a10b/irrelevant_number_41000000.json,35,holdout,qwen/qwen3.5-122b-a10b,irrelevant_number,41000000,DeepInfra,39000000,clear,39000000,clear,parser_confirmed
b_01a5f5ff4762c645faf1,qwen3.5-122b-a10b/irrelevant_number_41000000.json,36,holdout,qwen/qwen3.5-122b-a10b,irrelevant_number,41000000,SiliconFlow,38000000,clear,38000000,clear,parser_confirmed
b_fd6949c39aa988ef3fe6,qwen3.5-122b-a10b/irrelevant_number_41000000.json,37,holdout,qwen/qwen3.5-122b-a10b,irrelevant_number,41000000,DeepInfra,22000000,clear,22000000,clear,parser_confirmed
b_8ded29e29f7818c2fa5d,qwen3.5-122b-a10b/irrelevant_number_41000000.json,38,holdout,qwen/qwen3.5-122b-a10b,irrelevant_number,41000000,DeepInfra,,ambiguous,44000000,clear,blind_adjudication
b_8b50a1c64ca64221d8c8,qwen3.5-122b-a10b/irrelevant_number_41000000.json,39,holdout,qwen/qwen3.5-122b-a10b,irrelevant_number,41000000,SiliconFlow,38000000,clear,38000000,clear,parser_confirmed
b_0ba382d87d55e25aad35,qwen3.5-122b-a10b/irrelevant_number_41000000.json,40,holdout,qwen/qwen3.5-122b-a10b,irrelevant_number,41000000,SiliconFlow,39000000,clear,39000000,clear,parser_confirmed
b_afe2190b630de441e78e,qwen3.5-122b-a10b/irrelevant_number_41000000.json,41,holdout,qwen/qwen3.5-122b-a10b,irrelevant_number,41000000,SiliconFlow,43000000,clear,43000000,clear,parser_confirmed
b_b610efbe1027a94bb7c9,qwen3.5-122b-a10b/irrelevant_number_41000000.json,42,holdout,qwen/qwen3.5-122b-a10b,irrelevant_number,41000000,Novita,39000000,clear,39000000,clear,parser_confirmed
b_6e47edf06aaa74044d62,qwen3.5-122b-a10b/irrelevant_number_41000000.json,43,holdout,qwen/qwen3.5-122b-a10b,irrelevant_number,41000000,Novita,50000000,clear,50000000,clear,parser_confirmed
b_34948160dd5d472ea536,qwen3.5-122b-a10b/irrelevant_number_41000000.json,44,holdout,qwen/qwen3.5-122b-a10b,irrelevant_number,41000000,SiliconFlow,42350000,clear,42350000,clear,parser_confirmed
b_0c38bac07be5bab7571d,qwen3.5-122b-a10b/irrelevant_number_41000000.json,45,holdout,qwen/qwen3.5-122b-a10b,irrelevant_number,41000000,DeepInfra,23000000,clear,23000000,clear,parser_confirmed
b_15c82188f8215fcdf91e,qwen3.5-122b-a10b/irrelevant_number_41000000.json,46,holdout,qwen/qwen3.5-122b-a10b,irrelevant_number,41000000,DeepInfra,25000000,clear,25000000,clear,parser_confirmed
b_8d2715039e8648fcfa1a,qwen3.5-122b-a10b/irrelevant_number_41000000.json,47,holdout,qwen/qwen3.5-122b-a10b,irrelevant_number,41000000,SiliconFlow,27500000,clear,27500000,clear,parser_confirmed
b_efe15ac33821abbef1b1,qwen3.5-122b-a10b/irrelevant_number_41000000.json,48,holdout,qwen/qwen3.5-122b-a10b,irrelevant_number,41000000,SiliconFlow,72000000,clear,72000000,clear,parser_confirmed
b_0cc5263bc24ceed4fcf5,qwen3.5-122b-a10b/irrelevant_number_41000000.json,49,holdout,qwen/qwen3.5-122b-a10b,irrelevant_number,41000000,DeepInfra,58500000,clear,58500000,clear,parser_confirmed
b_12946a6a17b54f84678e,qwen3.5-122b-a10b/irrelevant_number_85000000.json,0,pilot,qwen/qwen3.5-122b-a10b,irrelevant_number,85000000,Novita,34000000,clear,34000000,clear,parser_confirmed
b_dec6178a153b785fdc97,qwen3.5-122b-a10b/irrelevant_number_85000000.json,1,pilot,qwen/qwen3.5-122b-a10b,irrelevant_number,85000000,SiliconFlow,86000000,clear,86000000,clear,parser_confirmed
b_d94f64ab5de517440fe4,qwen3.5-122b-a10b/irrelevant_number_85000000.json,2,pilot,qwen/qwen3.5-122b-a10b,irrelevant_number,85000000,SiliconFlow,42000000,clear,42000000,clear,parser_confirmed
b_88da7c01d82f44df58e9,qwen3.5-122b-a10b/irrelevant_number_85000000.json,3,pilot,qwen/qwen3.5-122b-a10b,irrelevant_number,85000000,SiliconFlow,18000000,clear,18000000,clear,parser_confirmed
b_e4f0cdbb219e51325e83,qwen3.5-122b-a10b/irrelevant_number_85000000.json,4,pilot,qwen/qwen3.5-122b-a10b,irrelevant_number,85000000,Novita,30000000,clear,30000000,clear,parser_confirmed
b_002507807918fe3f4de7,qwen3.5-122b-a10b/irrelevant_number_85000000.json,5,holdout,qwen/qwen3.5-122b-a10b,irrelevant_number,85000000,DeepInfra,40250000,clear,40250000,clear,parser_confirmed
b_ab5a69ae8f5983575714,qwen3.5-122b-a10b/irrelevant_number_85000000.json,6,holdout,qwen/qwen3.5-122b-a10b,irrelevant_number,85000000,Novita,45000000,clear,45000000,clear,parser_confirmed
b_a23694c5f082a82b770b,qwen3.5-122b-a10b/irrelevant_number_85000000.json,7,holdout,qwen/qwen3.5-122b-a10b,irrelevant_number,85000000,Novita,70000000,clear,70000000,clear,parser_confirmed
b_a579ba942b1a9b03b7fe,qwen3.5-122b-a10b/irrelevant_number_85000000.json,8,holdout,qwen/qwen3.5-122b-a10b,irrelevant_number,85000000,SiliconFlow,61000000,clear,61000000,clear,parser_confirmed
b_15bfd0d34d5fbbda68e2,qwen3.5-122b-a10b/irrelevant_number_85000000.json,9,holdout,qwen/qwen3.5-122b-a10b,irrelevant_number,85000000,SiliconFlow,17550000,clear,17550000,clear,parser_confirmed
b_f8b72d5672b637856a9e,qwen3.5-122b-a10b/irrelevant_number_85000000.json,10,holdout,qwen/qwen3.5-122b-a10b,irrelevant_number,85000000,SiliconFlow,60000000,clear,60000000,clear,parser_confirmed
b_0c580bd31c7309bb1a57,qwen3.5-122b-a10b/irrelevant_number_85000000.json,11,holdout,qwen/qwen3.5-122b-a10b,irrelevant_number,85000000,DeepInfra,39000000,clear,39000000,clear,parser_confirmed
b_373ae8e40f7d42b00695,qwen3.5-122b-a10b/irrelevant_number_85000000.json,12,holdout,qwen/qwen3.5-122b-a10b,irrelevant_number,85000000,SiliconFlow,175000000,clear,175000000,clear,parser_confirmed
b_d55891d1a5632d56bbbe,qwen3.5-122b-a10b/irrelevant_number_85000000.json,13,holdout,qwen/qwen3.5-122b-a10b,irrelevant_number,85000000,Novita,30000000,clear,30000000,clear,parser_confirmed
b_a780b33a3e3d01f5f549,qwen3.5-122b-a10b/irrelevant_number_85000000.json,14,holdout,qwen/qwen3.5-122b-a10b,irrelevant_number,85000000,Novita,48000000,clear,48000000,clear,parser_confirmed
b_0c619d139992e14d011a,qwen3.5-122b-a10b/irrelevant_number_85000000.json,15,holdout,qwen/qwen3.5-122b-a10b,irrelevant_number,85000000,DeepInfra,1665000000,clear,1665000000,clear,parser_confirmed
b_b376e950a7c9dd894674,qwen3.5-122b-a10b/irrelevant_number_85000000.json,16,holdout,qwen/qwen3.5-122b-a10b,irrelevant_number,85000000,Novita,76000000,clear,76000000,clear,parser_confirmed
b_cc8666bda1248df29421,qwen3.5-122b-a10b/irrelevant_number_85000000.json,17,holdout,qwen/qwen3.5-122b-a10b,irrelevant_number,85000000,DeepInfra,50000000,clear,50000000,clear,parser_confirmed
b_aa40a973a78f121a1aca,qwen3.5-122b-a10b/irrelevant_number_85000000.json,18,holdout,qwen/qwen3.5-122b-a10b,irrelevant_number,85000000,SiliconFlow,64000000,clear,64000000,clear,parser_confirmed
b_ae407d8e3b1108d0d484,qwen3.5-122b-a10b/irrelevant_number_85000000.json,19,holdout,qwen/qwen3.5-122b-a10b,irrelevant_number,85000000,DeepInfra,40000000,clear,40000000,clear,parser_confirmed
b_f072cdc5e42b81dbc76d,qwen3.5-122b-a10b/irrelevant_number_85000000.json,20,holdout,qwen/qwen3.5-122b-a10b,irrelevant_number,85000000,SiliconFlow,40000000,clear,40000000,clear,parser_confirmed
b_4695d1dddc00387ace04,qwen3.5-122b-a10b/irrelevant_number_85000000.json,21,holdout,qwen/qwen3.5-122b-a10b,irrelevant_number,85000000,DeepInfra,55000000,clear,55000000,clear,parser_confirmed
b_b8048f5858ffaedb6b32,qwen3.5-122b-a10b/irrelevant_number_85000000.json,22,holdout,qwen/qwen3.5-122b-a10b,irrelevant_number,85000000,DeepInfra,41000000,clear,41000000,clear,parser_confirmed
b_101671f59d13f536fd2a,qwen3.5-122b-a10b/irrelevant_number_85000000.json,23,holdout,qwen/qwen3.5-122b-a10b,irrelevant_number,85000000,SiliconFlow,93600000,clear,93600000,clear,parser_confirmed
b_517939a8da8bca42baf7,qwen3.5-122b-a10b/irrelevant_number_85000000.json,24,holdout,qwen/qwen3.5-122b-a10b,irrelevant_number,85000000,Novita,44000000,clear,44000000,clear,parser_confirmed
b_a3774a54b6b2fc069532,qwen3.5-122b-a10b/irrelevant_number_85000000.json,25,holdout,qwen/qwen3.5-122b-a10b,irrelevant_number,85000000,SiliconFlow,53000000,clear,53000000,clear,parser_confirmed
b_a10371973e5d5e2957b5,qwen3.5-122b-a10b/irrelevant_number_85000000.json,26,holdout,qwen/qwen3.5-122b-a10b,irrelevant_number,85000000,SiliconFlow,20000000,clear,20000000,clear,parser_confirmed
b_e2c35d9b789495c5c538,qwen3.5-122b-a10b/irrelevant_number_85000000.json,27,holdout,qwen/qwen3.5-122b-a10b,irrelevant_number,85000000,SiliconFlow,24000000,clear,24000000,clear,parser_confirmed
b_42d0ea88c4830d5304b0,qwen3.5-122b-a10b/irrelevant_number_85000000.json,28,holdout,qwen/qwen3.5-122b-a10b,irrelevant_number,85000000,DeepInfra,45000000,clear,45000000,clear,parser_confirmed
b_850c54d83e66271dc2d5,qwen3.5-122b-a10b/irrelevant_number_85000000.json,29,holdout,qwen/qwen3.5-122b-a10b,irrelevant_number,85000000,SiliconFlow,33000000,clear,33000000,clear,parser_confirmed
b_0e230d5e72405009d850,qwen3.5-122b-a10b/irrelevant_number_85000000.json,30,holdout,qwen/qwen3.5-122b-a10b,irrelevant_number,85000000,SiliconFlow,58000000,clear,58000000,clear,parser_confirmed
b_fbad9ae269157204707f,qwen3.5-122b-a10b/irrelevant_number_85000000.json,31,holdout,qwen/qwen3.5-122b-a10b,irrelevant_number,85000000,DeepInfra,82000000,clear,82000000,clear,parser_confirmed
b_3cd7f749b566f73b5e5c,qwen3.5-122b-a10b/irrelevant_number_85000000.json,32,holdout,qwen/qwen3.5-122b-a10b,irrelevant_number,85000000,SiliconFlow,350000000,clear,350000000,clear,parser_confirmed
b_3b699002bf7bb8d8555a,qwen3.5-122b-a10b/irrelevant_number_85000000.json,33,holdout,qwen/qwen3.5-122b-a10b,irrelevant_number,85000000,SiliconFlow,88000000,clear,88000000,clear,parser_confirmed
b_e9858d29a14209fdcf2c,qwen3.5-122b-a10b/irrelevant_number_85000000.json,34,holdout,qwen/qwen3.5-122b-a10b,irrelevant_number,85000000,SiliconFlow,97000000,clear,97000000,clear,parser_confirmed
b_8454d9b6d3b3d082817a,qwen3.5-122b-a10b/irrelevant_number_85000000.json,35,holdout,qwen/qwen3.5-122b-a10b,irrelevant_number,85000000,SiliconFlow,24000000,clear,24000000,clear,parser_confirmed
b_64110276fa9ed6606573,qwen3.5-122b-a10b/irrelevant_number_85000000.json,36,holdout,qwen/qwen3.5-122b-a10b,irrelevant_number,85000000,SiliconFlow,100000000,clear,100000000,clear,parser_confirmed
b_c80c7a1df5c69158d4a9,qwen3.5-122b-a10b/irrelevant_number_85000000.json,37,holdout,qwen/qwen3.5-122b-a10b,irrelevant_number,85000000,DeepInfra,145000000,clear,145000000,clear,parser_confirmed
b_02625e657a465b7dc2c8,qwen3.5-122b-a10b/irrelevant_number_85000000.json,38,holdout,qwen/qwen3.5-122b-a10b,irrelevant_number,85000000,DeepInfra,40000000,clear,40000000,clear,parser_confirmed
b_362f4eb39639c2f1d8d3,qwen3.5-122b-a10b/irrelevant_number_85000000.json,39,holdout,qwen/qwen3.5-122b-a10b,irrelevant_number,85000000,Novita,90000000,clear,90000000,clear,parser_confirmed
b_ececd2d9e1cc7d86214a,qwen3.5-122b-a10b/irrelevant_number_85000000.json,40,holdout,qwen/qwen3.5-122b-a10b,irrelevant_number,85000000,SiliconFlow,84000000,clear,84000000,clear,parser_confirmed
b_db9d7c562518881d6544,qwen3.5-122b-a10b/irrelevant_number_85000000.json,41,holdout,qwen/qwen3.5-122b-a10b,irrelevant_number,85000000,SiliconFlow,42000000,clear,42000000,clear,parser_confirmed
b_536f25b52c56b89864ea,qwen3.5-122b-a10b/irrelevant_number_85000000.json,42,holdout,qwen/qwen3.5-122b-a10b,irrelevant_number,85000000,Novita,45000000,clear,45000000,clear,parser_confirmed
b_43bdc0aea4a908380bbd,qwen3.5-122b-a10b/irrelevant_number_85000000.json,43,holdout,qwen/qwen3.5-122b-a10b,irrelevant_number,85000000,DeepInfra,66000000,clear,66000000,clear,parser_confirmed
b_63582002d145b1e3340a,qwen3.5-122b-a10b/irrelevant_number_85000000.json,44,holdout,qwen/qwen3.5-122b-a10b,irrelevant_number,85000000,DeepInfra,30000000,clear,30000000,clear,parser_confirmed
b_7e1ac89f244521904a1d,qwen3.5-122b-a10b/irrelevant_number_85000000.json,45,holdout,qwen/qwen3.5-122b-a10b,irrelevant_number,85000000,SiliconFlow,110000000,clear,110000000,clear,parser_confirmed
b_8d137fc9f12cc70b3beb,qwen3.5-122b-a10b/irrelevant_number_85000000.json,46,holdout,qwen/qwen3.5-122b-a10b,irrelevant_number,85000000,DeepInfra,29000000,clear,29000000,clear,parser_confirmed
b_818b189871c7e9a709cd,qwen3.5-122b-a10b/irrelevant_number_85000000.json,47,holdout,qwen/qwen3.5-122b-a10b,irrelevant_number,85000000,DeepInfra,52000000,clear,52000000,clear,parser_confirmed
b_536c65738d016a6453ae,qwen3.5-122b-a10b/irrelevant_number_85000000.json,48,holdout,qwen/qwen3.5-122b-a10b,irrelevant_number,85000000,DeepInfra,45000000,clear,45000000,clear,parser_confirmed
b_f3040546434a713d3a30,qwen3.5-122b-a10b/irrelevant_number_85000000.json,49,holdout,qwen/qwen3.5-122b-a10b,irrelevant_number,85000000,DeepInfra,60000000,clear,60000000,clear,parser_confirmed
b_deeff0c344161dcaf803,qwen3.5-122b-a10b/neutral_boundary_41000000.json,0,pilot,qwen/qwen3.5-122b-a10b,neutral_boundary,41000000,DeepInfra,34000000,clear,34000000,clear,parser_confirmed
b_7732481467126305cbe9,qwen3.5-122b-a10b/neutral_boundary_41000000.json,1,pilot,qwen/qwen3.5-122b-a10b,neutral_boundary,41000000,DeepInfra,31000000,clear,31000000,clear,parser_confirmed
b_d2fdab3bd65e78f2c3d4,qwen3.5-122b-a10b/neutral_boundary_41000000.json,2,pilot,qwen/qwen3.5-122b-a10b,neutral_boundary,41000000,Novita,,ambiguous,38000000,clear,blind_adjudication
b_c8aaba5cd3bada757595,qwen3.5-122b-a10b/neutral_boundary_41000000.json,3,pilot,qwen/qwen3.5-122b-a10b,neutral_boundary,41000000,DeepInfra,38025000,clear,38025000,clear,parser_confirmed
b_a464ce6d89fcbfdc099f,qwen3.5-122b-a10b/neutral_boundary_41000000.json,4,pilot,qwen/qwen3.5-122b-a10b,neutral_boundary,41000000,SiliconFlow,38000000,clear,38000000,clear,parser_confirmed
b_e3de5eedc4bba5a8bd19,qwen3.5-122b-a10b/neutral_boundary_41000000.json,5,holdout,qwen/qwen3.5-122b-a10b,neutral_boundary,41000000,SiliconFlow,50000000,clear,50000000,clear,parser_confirmed
b_84cdc8d05c2509abc5ae,qwen3.5-122b-a10b/neutral_boundary_41000000.json,6,holdout,qwen/qwen3.5-122b-a10b,neutral_boundary,41000000,DeepInfra,58500000,clear,58500000,clear,parser_confirmed
b_39f36de5f92249315ad5,qwen3.5-122b-a10b/neutral_boundary_41000000.json,7,holdout,qwen/qwen3.5-122b-a10b,neutral_boundary,41000000,DeepInfra,35000000,clear,35000000,clear,parser_confirmed
b_dacaab055dd9727ea6fd,qwen3.5-122b-a10b/neutral_boundary_41000000.json,8,holdout,qwen/qwen3.5-122b-a10b,neutral_boundary,41000000,DeepInfra,33600000,clear,33600000,clear,parser_confirmed
b_22c21d921dc5c3f9bb0e,qwen3.5-122b-a10b/neutral_boundary_41000000.json,9,holdout,qwen/qwen3.5-122b-a10b,neutral_boundary,41000000,DeepInfra,23000000,clear,23000000,clear,parser_confirmed
b_0d5dc9fd0388822f4f4b,qwen3.5-122b-a10b/neutral_boundary_41000000.json,10,holdout,qwen/qwen3.5-122b-a10b,neutral_boundary,41000000,SiliconFlow,43000000,clear,43000000,clear,parser_confirmed
b_ea673362abc2934e3ba8,qwen3.5-122b-a10b/neutral_boundary_41000000.json,11,holdout,qwen/qwen3.5-122b-a10b,neutral_boundary,41000000,Novita,38000000,clear,38000000,clear,parser_confirmed
b_37d144b66b3d41fc95a1,qwen3.5-122b-a10b/neutral_boundary_41000000.json,12,holdout,qwen/qwen3.5-122b-a10b,neutral_boundary,41000000,SiliconFlow,39600000,clear,39600000,clear,parser_confirmed
b_d430cab4f9e9eaac3059,qwen3.5-122b-a10b/neutral_boundary_41000000.json,13,holdout,qwen/qwen3.5-122b-a10b,neutral_boundary,41000000,DeepInfra,31000000,clear,31000000,clear,parser_confirmed
b_a88c392778fb0795343d,qwen3.5-122b-a10b/neutral_boundary_41000000.json,14,holdout,qwen/qwen3.5-122b-a10b,neutral_boundary,41000000,Novita,,ambiguous,70000000,clear,blind_adjudication
b_7d726bc83082d4710c13,qwen3.5-122b-a10b/neutral_boundary_41000000.json,15,holdout,qwen/qwen3.5-122b-a10b,neutral_boundary,41000000,DeepInfra,46000000,clear,46000000,clear,parser_confirmed
b_9c28dbb87cc196d192b7,qwen3.5-122b-a10b/neutral_boundary_41000000.json,16,holdout,qwen/qwen3.5-122b-a10b,neutral_boundary,41000000,SiliconFlow,40000000,clear,40000000,clear,parser_confirmed
b_b73f76ea9f81c9848687,qwen3.5-122b-a10b/neutral_boundary_41000000.json,17,holdout,qwen/qwen3.5-122b-a10b,neutral_boundary,41000000,SiliconFlow,21200000,clear,21200000,clear,parser_confirmed
b_10da4be96469616b67bf,qwen3.5-122b-a10b/neutral_boundary_41000000.json,18,holdout,qwen/qwen3.5-122b-a10b,neutral_boundary,41000000,Novita,66000000,clear,66000000,clear,parser_confirmed
b_2a61fb0544e4bf170804,qwen3.5-122b-a10b/neutral_boundary_41000000.json,19,holdout,qwen/qwen3.5-122b-a10b,neutral_boundary,41000000,Novita,266000000,clear,266000000,clear,parser_confirmed
b_38eefd6c26605506fe3f,qwen3.5-122b-a10b/neutral_boundary_41000000.json,20,holdout,qwen/qwen3.5-122b-a10b,neutral_boundary,41000000,DeepInfra,60000000,clear,60000000,clear,parser_confirmed
b_2a7c1c41eb514781e4fc,qwen3.5-122b-a10b/neutral_boundary_41000000.json,21,holdout,qwen/qwen3.5-122b-a10b,neutral_boundary,41000000,Novita,33300000,clear,33300000,clear,parser_confirmed
b_a35caca31343a1135dd9,qwen3.5-122b-a10b/neutral_boundary_41000000.json,22,holdout,qwen/qwen3.5-122b-a10b,neutral_boundary,41000000,SiliconFlow,35000000,clear,35000000,clear,parser_confirmed
b_2715925c004cc0632c59,qwen3.5-122b-a10b/neutral_boundary_41000000.json,23,holdout,qwen/qwen3.5-122b-a10b,neutral_boundary,41000000,SiliconFlow,25000000,clear,25000000,clear,parser_confirmed
b_1aef76b38ac324aee9c4,qwen3.5-122b-a10b/neutral_boundary_41000000.json,24,holdout,qwen/qwen3.5-122b-a10b,neutral_boundary,41000000,SiliconFlow,,ambiguous,39000000,clear,blind_adjudication
b_cc9372d37e9ba908f998,qwen3.5-122b-a10b/neutral_boundary_41000000.json,25,holdout,qwen/qwen3.5-122b-a10b,neutral_boundary,41000000,Novita,37500000,clear,37500000,clear,parser_confirmed
b_5b843f2cc6b551011b05,qwen3.5-122b-a10b/neutral_boundary_41000000.json,26,holdout,qwen/qwen3.5-122b-a10b,neutral_boundary,41000000,SiliconFlow,45000000,clear,45000000,clear,parser_confirmed
b_f302d3500296117d9409,qwen3.5-122b-a10b/neutral_boundary_41000000.json,27,holdout,qwen/qwen3.5-122b-a10b,neutral_boundary,41000000,SiliconFlow,111000000,clear,111000000,clear,parser_confirmed
b_6b3db51bcc27584ccc4c,qwen3.5-122b-a10b/neutral_boundary_41000000.json,28,holdout,qwen/qwen3.5-122b-a10b,neutral_boundary,41000000,DeepInfra,47000000,clear,47000000,clear,parser_confirmed
b_2f6b4098149c83ddf460,qwen3.5-122b-a10b/neutral_boundary_41000000.json,29,holdout,qwen/qwen3.5-122b-a10b,neutral_boundary,41000000,Novita,,ambiguous,40920000,clear,blind_adjudication
b_78f6938769094462eee5,qwen3.5-122b-a10b/neutral_boundary_41000000.json,30,holdout,qwen/qwen3.5-122b-a10b,neutral_boundary,41000000,Novita,,ambiguous,40500000,clear,blind_adjudication
b_2cacd38d26ce776688d9,qwen3.5-122b-a10b/neutral_boundary_41000000.json,31,holdout,qwen/qwen3.5-122b-a10b,neutral_boundary,41000000,Novita,,ambiguous,37000000,clear,blind_adjudication
b_93a146447853a84813d8,qwen3.5-122b-a10b/neutral_boundary_41000000.json,32,holdout,qwen/qwen3.5-122b-a10b,neutral_boundary,41000000,SiliconFlow,32500000,clear,32500000,clear,parser_confirmed
b_199ef86f1823bc782483,qwen3.5-122b-a10b/neutral_boundary_41000000.json,33,holdout,qwen/qwen3.5-122b-a10b,neutral_boundary,41000000,SiliconFlow,200000000,clear,200000000,clear,parser_confirmed
b_d3d6f87c4478ed23de44,qwen3.5-122b-a10b/neutral_boundary_41000000.json,34,holdout,qwen/qwen3.5-122b-a10b,neutral_boundary,41000000,SiliconFlow,,ambiguous,38000000,clear,blind_adjudication
b_7c258d58acd894f46c60,qwen3.5-122b-a10b/neutral_boundary_41000000.json,35,holdout,qwen/qwen3.5-122b-a10b,neutral_boundary,41000000,Novita,,ambiguous,50000000,clear,blind_adjudication
b_a243e4f3a996e0e87272,qwen3.5-122b-a10b/neutral_boundary_41000000.json,36,holdout,qwen/qwen3.5-122b-a10b,neutral_boundary,41000000,SiliconFlow,35000000,clear,35000000,clear,parser_confirmed
b_0d3c195263f06623805f,qwen3.5-122b-a10b/neutral_boundary_41000000.json,37,holdout,qwen/qwen3.5-122b-a10b,neutral_boundary,41000000,DeepInfra,,ambiguous,53000000,clear,blind_adjudication
b_cd3d9f0c17c860bb95a9,qwen3.5-122b-a10b/neutral_boundary_41000000.json,38,holdout,qwen/qwen3.5-122b-a10b,neutral_boundary,41000000,DeepInfra,33000000,clear,33000000,clear,parser_confirmed
b_767a3101006fd8e0e008,qwen3.5-122b-a10b/neutral_boundary_41000000.json,39,holdout,qwen/qwen3.5-122b-a10b,neutral_boundary,41000000,SiliconFlow,39000000,clear,39000000,clear,parser_confirmed
b_b701005c4f2656a37ae2,qwen3.5-122b-a10b/neutral_boundary_41000000.json,40,holdout,qwen/qwen3.5-122b-a10b,neutral_boundary,41000000,DeepInfra,27500000,clear,27500000,clear,parser_confirmed
b_8b8dda66b0546f351736,qwen3.5-122b-a10b/neutral_boundary_41000000.json,41,holdout,qwen/qwen3.5-122b-a10b,neutral_boundary,41000000,DeepInfra,55000000,clear,55000000,clear,parser_confirmed
b_677ea50d0437e7331e2d,qwen3.5-122b-a10b/neutral_boundary_41000000.json,42,holdout,qwen/qwen3.5-122b-a10b,neutral_boundary,41000000,SiliconFlow,45000000,clear,45000000,clear,parser_confirmed
b_2b6304e0e8579515072d,qwen3.5-122b-a10b/neutral_boundary_41000000.json,43,holdout,qwen/qwen3.5-122b-a10b,neutral_boundary,41000000,DeepInfra,,ambiguous,45000000,clear,blind_adjudication
b_89e0780bfba9acb35d17,qwen3.5-122b-a10b/neutral_boundary_41000000.json,44,holdout,qwen/qwen3.5-122b-a10b,neutral_boundary,41000000,SiliconFlow,40000000,clear,40000000,clear,parser_confirmed
b_730c7137099c0bc0aa45,qwen3.5-122b-a10b/neutral_boundary_41000000.json,45,holdout,qwen/qwen3.5-122b-a10b,neutral_boundary,41000000,SiliconFlow,29250000,clear,29250000,clear,parser_confirmed
b_92bae2f8aaea1c1eeaf9,qwen3.5-122b-a10b/neutral_boundary_41000000.json,46,holdout,qwen/qwen3.5-122b-a10b,neutral_boundary,41000000,Novita,39000000,clear,39000000,clear,parser_confirmed
b_9623a632777d32166fbc,qwen3.5-122b-a10b/neutral_boundary_41000000.json,47,holdout,qwen/qwen3.5-122b-a10b,neutral_boundary,41000000,SiliconFlow,39500000,clear,39500000,clear,parser_confirmed
b_23e1bc894c3a8ed0288a,qwen3.5-122b-a10b/neutral_boundary_41000000.json,48,holdout,qwen/qwen3.5-122b-a10b,neutral_boundary,41000000,DeepInfra,,ambiguous,55200000,clear,blind_adjudication
b_6c2f72772f3459c16319,qwen3.5-122b-a10b/neutral_boundary_41000000.json,49,holdout,qwen/qwen3.5-122b-a10b,neutral_boundary,41000000,DeepInfra,39000000,clear,39000000,clear,parser_confirmed
b_e4f85d063285928eb94c,qwen3.5-122b-a10b/neutral_boundary_85000000.json,0,pilot,qwen/qwen3.5-122b-a10b,neutral_boundary,85000000,DeepInfra,73000000,clear,73000000,clear,parser_confirmed
b_aa90a8efdab297818917,qwen3.5-122b-a10b/neutral_boundary_85000000.json,1,pilot,qwen/qwen3.5-122b-a10b,neutral_boundary,85000000,SiliconFlow,33000000,clear,33000000,clear,parser_confirmed
b_a36828d9285444dd58e2,qwen3.5-122b-a10b/neutral_boundary_85000000.json,2,pilot,qwen/qwen3.5-122b-a10b,neutral_boundary,85000000,Novita,,ambiguous,51750000,clear,blind_adjudication
b_0937e0245565dfb78ac6,qwen3.5-122b-a10b/neutral_boundary_85000000.json,3,pilot,qwen/qwen3.5-122b-a10b,neutral_boundary,85000000,SiliconFlow,48000000,clear,48000000,clear,parser_confirmed
b_e05cccd47a6f2f51621f,qwen3.5-122b-a10b/neutral_boundary_85000000.json,4,pilot,qwen/qwen3.5-122b-a10b,neutral_boundary,85000000,DeepInfra,100000,clear,30000000,clear,blind_adjudication
b_fc15e356ad225555c70b,qwen3.5-122b-a10b/neutral_boundary_85000000.json,5,holdout,qwen/qwen3.5-122b-a10b,neutral_boundary,85000000,Novita,77400000,clear,77400000,clear,parser_confirmed
b_901bd4465727a033fffd,qwen3.5-122b-a10b/neutral_boundary_85000000.json,6,holdout,qwen/qwen3.5-122b-a10b,neutral_boundary,85000000,DeepInfra,75000000,clear,75000000,clear,parser_confirmed
b_ee7949d83905997d62e2,qwen3.5-122b-a10b/neutral_boundary_85000000.json,7,holdout,qwen/qwen3.5-122b-a10b,neutral_boundary,85000000,DeepInfra,28000000,clear,28000000,clear,parser_confirmed
b_7b4e757477952fbc70ad,qwen3.5-122b-a10b/neutral_boundary_85000000.json,8,holdout,qwen/qwen3.5-122b-a10b,neutral_boundary,85000000,SiliconFlow,65000000,clear,65000000,clear,parser_confirmed
b_440141c6ddfc0ff5a2d3,qwen3.5-122b-a10b/neutral_boundary_85000000.json,9,holdout,qwen/qwen3.5-122b-a10b,neutral_boundary,85000000,SiliconFlow,30000000,clear,30000000,clear,parser_confirmed
b_9264a037831f1152e319,qwen3.5-122b-a10b/neutral_boundary_85000000.json,10,holdout,qwen/qwen3.5-122b-a10b,neutral_boundary,85000000,Novita,62000000,clear,62000000,clear,parser_confirmed
b_3176bbe61b36f7fb8519,qwen3.5-122b-a10b/neutral_boundary_85000000.json,11,holdout,qwen/qwen3.5-122b-a10b,neutral_boundary,85000000,SiliconFlow,58500000,clear,58500000,clear,parser_confirmed
b_0022b8061909ce08adc2,qwen3.5-122b-a10b/neutral_boundary_85000000.json,12,holdout,qwen/qwen3.5-122b-a10b,neutral_boundary,85000000,Novita,63000000,clear,63000000,clear,parser_confirmed
b_04714ba3471dd3fea298,qwen3.5-122b-a10b/neutral_boundary_85000000.json,13,holdout,qwen/qwen3.5-122b-a10b,neutral_boundary,85000000,SiliconFlow,47000000,clear,47000000,clear,parser_confirmed
b_afab6e8ec2945bccafee,qwen3.5-122b-a10b/neutral_boundary_85000000.json,14,holdout,qwen/qwen3.5-122b-a10b,neutral_boundary,85000000,SiliconFlow,14000000,clear,14000000,clear,parser_confirmed
b_441dbc21f93cac8a0a11,qwen3.5-122b-a10b/neutral_boundary_85000000.json,15,holdout,qwen/qwen3.5-122b-a10b,neutral_boundary,85000000,Novita,48500000,clear,48500000,clear,parser_confirmed
b_fd7aecd50370a40edf5d,qwen3.5-122b-a10b/neutral_boundary_85000000.json,16,holdout,qwen/qwen3.5-122b-a10b,neutral_boundary,85000000,DeepInfra,100000000,clear,100000000,clear,parser_confirmed
b_c9b0833539246fd17d6f,qwen3.5-122b-a10b/neutral_boundary_85000000.json,17,holdout,qwen/qwen3.5-122b-a10b,neutral_boundary,85000000,DeepInfra,68000000,clear,68000000,clear,parser_confirmed
b_54958676795003af165e,qwen3.5-122b-a10b/neutral_boundary_85000000.json,18,holdout,qwen/qwen3.5-122b-a10b,neutral_boundary,85000000,SiliconFlow,25000000,clear,25000000,clear,parser_confirmed
b_b4ce1dc907632845f3da,qwen3.5-122b-a10b/neutral_boundary_85000000.json,19,holdout,qwen/qwen3.5-122b-a10b,neutral_boundary,85000000,DeepInfra,44500000,clear,44500000,clear,parser_confirmed
b_b96731747bfb77397b7b,qwen3.5-122b-a10b/neutral_boundary_85000000.json,20,holdout,qwen/qwen3.5-122b-a10b,neutral_boundary,85000000,DeepInfra,,ambiguous,52000000,clear,blind_adjudication
b_1afec9f624a5ef3bac6e,qwen3.5-122b-a10b/neutral_boundary_85000000.json,21,holdout,qwen/qwen3.5-122b-a10b,neutral_boundary,85000000,Novita,,ambiguous,40000000,clear,blind_adjudication
b_9bd60bc1426b3ce3cd20,qwen3.5-122b-a10b/neutral_boundary_85000000.json,22,holdout,qwen/qwen3.5-122b-a10b,neutral_boundary,85000000,SiliconFlow,30000000,clear,30000000,clear,parser_confirmed
b_92e1ee5787b78a2d961c,qwen3.5-122b-a10b/neutral_boundary_85000000.json,23,holdout,qwen/qwen3.5-122b-a10b,neutral_boundary,85000000,SiliconFlow,42000000,clear,42000000,clear,parser_confirmed
b_c9c883539b1adc6e4393,qwen3.5-122b-a10b/neutral_boundary_85000000.json,24,holdout,qwen/qwen3.5-122b-a10b,neutral_boundary,85000000,SiliconFlow,33000000,clear,33000000,clear,parser_confirmed
b_de6114e4d46beaded47a,qwen3.5-122b-a10b/neutral_boundary_85000000.json,25,holdout,qwen/qwen3.5-122b-a10b,neutral_boundary,85000000,SiliconFlow,51000000,clear,51000000,clear,parser_confirmed
b_c499dba85162ecccfc7b,qwen3.5-122b-a10b/neutral_boundary_85000000.json,26,holdout,qwen/qwen3.5-122b-a10b,neutral_boundary,85000000,DeepInfra,76000000,clear,76000000,clear,parser_confirmed
b_0a4a24c10f4e7cbb4e1e,qwen3.5-122b-a10b/neutral_boundary_85000000.json,27,holdout,qwen/qwen3.5-122b-a10b,neutral_boundary,85000000,SiliconFlow,23400000,clear,23400000,clear,parser_confirmed
b_13e47c087662e3801cb4,qwen3.5-122b-a10b/neutral_boundary_85000000.json,28,holdout,qwen/qwen3.5-122b-a10b,neutral_boundary,85000000,DeepInfra,30000000,clear,30000000,clear,parser_confirmed
b_e7e72be70963441ceeee,qwen3.5-122b-a10b/neutral_boundary_85000000.json,29,holdout,qwen/qwen3.5-122b-a10b,neutral_boundary,85000000,DeepInfra,61000000,clear,61000000,clear,parser_confirmed
b_c884a958958dea64a481,qwen3.5-122b-a10b/neutral_boundary_85000000.json,30,holdout,qwen/qwen3.5-122b-a10b,neutral_boundary,85000000,SiliconFlow,52650000,clear,52000000,clear,blind_adjudication
b_675e3e787d286a909c25,qwen3.5-122b-a10b/neutral_boundary_85000000.json,31,holdout,qwen/qwen3.5-122b-a10b,neutral_boundary,85000000,Novita,117000000,clear,117000000,clear,parser_confirmed
b_100c0bf06b3eefa270d5,qwen3.5-122b-a10b/neutral_boundary_85000000.json,32,holdout,qwen/qwen3.5-122b-a10b,neutral_boundary,85000000,SiliconFlow,25740000,clear,25740000,clear,parser_confirmed
b_8e265b02e3373331d85c,qwen3.5-122b-a10b/neutral_boundary_85000000.json,33,holdout,qwen/qwen3.5-122b-a10b,neutral_boundary,85000000,DeepInfra,74000000,clear,74000000,clear,parser_confirmed
b_26684fd04bcb928e50c2,qwen3.5-122b-a10b/neutral_boundary_85000000.json,34,holdout,qwen/qwen3.5-122b-a10b,neutral_boundary,85000000,SiliconFlow,120000000,clear,120000000,clear,parser_confirmed
b_c09c56522fcdb301e75a,qwen3.5-122b-a10b/neutral_boundary_85000000.json,35,holdout,qwen/qwen3.5-122b-a10b,neutral_boundary,85000000,SiliconFlow,30000000,clear,30000000,clear,parser_confirmed
b_8bf9e5bac69b53f3d5b9,qwen3.5-122b-a10b/neutral_boundary_85000000.json,36,holdout,qwen/qwen3.5-122b-a10b,neutral_boundary,85000000,DeepInfra,50000000,clear,50000000,clear,parser_confirmed
b_351262e7d1d7b5b77ccc,qwen3.5-122b-a10b/neutral_boundary_85000000.json,37,holdout,qwen/qwen3.5-122b-a10b,neutral_boundary,85000000,SiliconFlow,70000000,clear,70000000,clear,parser_confirmed
b_b2da1803c1ee9ec96bd9,qwen3.5-122b-a10b/neutral_boundary_85000000.json,38,holdout,qwen/qwen3.5-122b-a10b,neutral_boundary,85000000,Novita,62500000,clear,62500000,clear,parser_confirmed
b_36c7a27c9b69d8d99a91,qwen3.5-122b-a10b/neutral_boundary_85000000.json,39,holdout,qwen/qwen3.5-122b-a10b,neutral_boundary,85000000,SiliconFlow,83500000,clear,83500000,clear,parser_confirmed
b_ada0c9efddfcdb6b3011,qwen3.5-122b-a10b/neutral_boundary_85000000.json,40,holdout,qwen/qwen3.5-122b-a10b,neutral_boundary,85000000,SiliconFlow,75000000,clear,75000000,clear,parser_confirmed
b_cdb7e105d048a88e9a15,qwen3.5-122b-a10b/neutral_boundary_85000000.json,41,holdout,qwen/qwen3.5-122b-a10b,neutral_boundary,85000000,Novita,60000000,clear,60000000,clear,parser_confirmed
b_a2a3641475bbb038eb8f,qwen3.5-122b-a10b/neutral_boundary_85000000.json,42,holdout,qwen/qwen3.5-122b-a10b,neutral_boundary,85000000,SiliconFlow,60000000,clear,60000000,clear,parser_confirmed
b_fb684aeadb314a025d20,qwen3.5-122b-a10b/neutral_boundary_85000000.json,43,holdout,qwen/qwen3.5-122b-a10b,neutral_boundary,85000000,SiliconFlow,45000000,clear,45000000,clear,parser_confirmed
b_ed72a78e7018bb1fe55c,qwen3.5-122b-a10b/neutral_boundary_85000000.json,44,holdout,qwen/qwen3.5-122b-a10b,neutral_boundary,85000000,SiliconFlow,80000000,clear,80000000,clear,parser_confirmed
b_c1512403d8c9ac566793,qwen3.5-122b-a10b/neutral_boundary_85000000.json,45,holdout,qwen/qwen3.5-122b-a10b,neutral_boundary,85000000,SiliconFlow,40000000,clear,40000000,clear,parser_confirmed
b_7dd59d15c10cd093d3b7,qwen3.5-122b-a10b/neutral_boundary_85000000.json,46,holdout,qwen/qwen3.5-122b-a10b,neutral_boundary,85000000,SiliconFlow,53000000,clear,53000000,clear,parser_confirmed
b_b9a832ad0ec858e6a035,qwen3.5-122b-a10b/neutral_boundary_85000000.json,47,holdout,qwen/qwen3.5-122b-a10b,neutral_boundary,85000000,DeepInfra,66000000,clear,66000000,clear,parser_confirmed
b_255385c53ca5473f8c70,qwen3.5-122b-a10b/neutral_boundary_85000000.json,48,holdout,qwen/qwen3.5-122b-a10b,neutral_boundary,85000000,SiliconFlow,45000000,clear,45000000,clear,parser_confirmed
b_d29af83d736cd2b6eca2,qwen3.5-122b-a10b/neutral_boundary_85000000.json,49,holdout,qwen/qwen3.5-122b-a10b,neutral_boundary,85000000,Novita,21000000,clear,21000000,clear,parser_confirmed
b_4ad40e4c1c60723de5b8,qwen3p8-2p4t-a95b/irrelevant_number_40000000.json,0,pilot,qwen/qwen3.8-2.4t-a95b,irrelevant_number,40000000,DeepInfra,33000000,clear,33000000,clear,parser_confirmed
b_92b934072c3edb9523e3,qwen3p8-2p4t-a95b/irrelevant_number_40000000.json,1,pilot,qwen/qwen3.8-2.4t-a95b,irrelevant_number,40000000,Novita,20000000,clear,20000000,clear,parser_confirmed
b_9961ab1daf4de3b6ad90,qwen3p8-2p4t-a95b/irrelevant_number_40000000.json,2,pilot,qwen/qwen3.8-2.4t-a95b,irrelevant_number,40000000,DeepInfra,0,clear,0,clear,parser_confirmed
b_f85789700c77ba28b5dc,qwen3p8-2p4t-a95b/irrelevant_number_40000000.json,3,pilot,qwen/qwen3.8-2.4t-a95b,irrelevant_number,40000000,Modal,29600000,clear,30000000,clear,blind_adjudication
b_9c106c21cb62685e865d,qwen3p8-2p4t-a95b/irrelevant_number_40000000.json,4,pilot,qwen/qwen3.8-2.4t-a95b,irrelevant_number,40000000,Novita,29000000,clear,29000000,clear,parser_confirmed
b_0ae45fbb0aea4fbcb774,qwen3p8-2p4t-a95b/irrelevant_number_40000000.json,5,holdout,qwen/qwen3.8-2.4t-a95b,irrelevant_number,40000000,Modal,24000000,clear,24000000,clear,parser_confirmed
b_1a12eb420d360958bd41,qwen3p8-2p4t-a95b/irrelevant_number_40000000.json,6,holdout,qwen/qwen3.8-2.4t-a95b,irrelevant_number,40000000,SiliconFlow,33000000,clear,33000000,clear,parser_confirmed
b_e8b99e8fa1984d23b61c,qwen3p8-2p4t-a95b/irrelevant_number_40000000.json,7,holdout,qwen/qwen3.8-2.4t-a95b,irrelevant_number,40000000,Modal,23000000,clear,23000000,clear,parser_confirmed
b_670f9bcfdd94caa73a92,qwen3p8-2p4t-a95b/irrelevant_number_40000000.json,8,holdout,qwen/qwen3.8-2.4t-a95b,irrelevant_number,40000000,Modal,17500000,clear,17500000,clear,parser_confirmed
b_a9d1419c6e237df33f61,qwen3p8-2p4t-a95b/irrelevant_number_40000000.json,9,holdout,qwen/qwen3.8-2.4t-a95b,irrelevant_number,40000000,Novita,30000000,clear,30000000,clear,parser_confirmed
b_c0f0445bb8a50f1c9ed7,qwen3p8-2p4t-a95b/irrelevant_number_40000000.json,10,holdout,qwen/qwen3.8-2.4t-a95b,irrelevant_number,40000000,DeepInfra,29600000,clear,29600000,clear,parser_confirmed
b_493022e84e431ae7b255,qwen3p8-2p4t-a95b/irrelevant_number_40000000.json,11,holdout,qwen/qwen3.8-2.4t-a95b,irrelevant_number,40000000,Venice,60000000,clear,60000000,clear,parser_confirmed
b_aa87a500c8b45afca9b9,qwen3p8-2p4t-a95b/irrelevant_number_40000000.json,12,holdout,qwen/qwen3.8-2.4t-a95b,irrelevant_number,40000000,Novita,23400000,clear,23400000,clear,parser_confirmed
b_3c35c182bf7358cb6723,qwen3p8-2p4t-a95b/irrelevant_number_40000000.json,13,holdout,qwen/qwen3.8-2.4t-a95b,irrelevant_number,40000000,Modal,23000000,clear,23000000,clear,parser_confirmed
b_44a40f7b64badda778df,qwen3p8-2p4t-a95b/irrelevant_number_40000000.json,14,holdout,qwen/qwen3.8-2.4t-a95b,irrelevant_number,40000000,DeepInfra,24000000,clear,24000000,clear,parser_confirmed
b_664836750dcf201ee30d,qwen3p8-2p4t-a95b/irrelevant_number_40000000.json,15,holdout,qwen/qwen3.8-2.4t-a95b,irrelevant_number,40000000,Novita,23000000,clear,23000000,clear,parser_confirmed
b_ff3afb6aa29b2f0c7f72,qwen3p8-2p4t-a95b/irrelevant_number_40000000.json,16,holdout,qwen/qwen3.8-2.4t-a95b,irrelevant_number,40000000,Modal,35000000,clear,35000000,clear,parser_confirmed
b_8e73b7647635ddd6968e,qwen3p8-2p4t-a95b/irrelevant_number_40000000.json,17,holdout,qwen/qwen3.8-2.4t-a95b,irrelevant_number,40000000,Modal,36000000,clear,36000000,clear,parser_confirmed
b_1d81d95bd7b01bf8e9a7,qwen3p8-2p4t-a95b/irrelevant_number_40000000.json,18,holdout,qwen/qwen3.8-2.4t-a95b,irrelevant_number,40000000,Novita,30000000,clear,30000000,clear,parser_confirmed
b_98309cd8179022eb18f3,qwen3p8-2p4t-a95b/irrelevant_number_40000000.json,19,holdout,qwen/qwen3.8-2.4t-a95b,irrelevant_number,40000000,Modal,20000000,clear,20000000,clear,parser_confirmed
b_037c2a780cc127bf28ed,qwen3p8-2p4t-a95b/irrelevant_number_40000000.json,20,holdout,qwen/qwen3.8-2.4t-a95b,irrelevant_number,40000000,Modal,,ambiguous,23000000,clear,blind_adjudication
b_748688d35b865f07569e,qwen3p8-2p4t-a95b/irrelevant_number_40000000.json,21,holdout,qwen/qwen3.8-2.4t-a95b,irrelevant_number,40000000,Modal,28000000,clear,28000000,clear,parser_confirmed
b_7caf65616ba2aedab6a3,qwen3p8-2p4t-a95b/irrelevant_number_40000000.json,22,holdout,qwen/qwen3.8-2.4t-a95b,irrelevant_number,40000000,Modal,23600000,clear,23600000,clear,parser_confirmed
b_619a238ed01ee3aaad93,qwen3p8-2p4t-a95b/irrelevant_number_40000000.json,23,holdout,qwen/qwen3.8-2.4t-a95b,irrelevant_number,40000000,Modal,29000000,clear,29000000,clear,parser_confirmed
b_281cb039c19e58ad38c3,qwen3p8-2p4t-a95b/irrelevant_number_40000000.json,24,holdout,qwen/qwen3.8-2.4t-a95b,irrelevant_number,40000000,Modal,35000000,clear,35000000,clear,parser_confirmed
b_0a011debab0055e48226,qwen3p8-2p4t-a95b/irrelevant_number_40000000.json,25,holdout,qwen/qwen3.8-2.4t-a95b,irrelevant_number,40000000,Modal,24000000,clear,24000000,clear,parser_confirmed
b_caba72e1206beefb85a9,qwen3p8-2p4t-a95b/irrelevant_number_40000000.json,26,holdout,qwen/qwen3.8-2.4t-a95b,irrelevant_number,40000000,Modal,23000000,clear,23000000,clear,parser_confirmed
b_70e3ccdead56f6c7284b,qwen3p8-2p4t-a95b/irrelevant_number_40000000.json,27,holdout,qwen/qwen3.8-2.4t-a95b,irrelevant_number,40000000,Modal,29000000,clear,29000000,clear,parser_confirmed
b_5d1043e27f853781d608,qwen3p8-2p4t-a95b/irrelevant_number_40000000.json,28,holdout,qwen/qwen3.8-2.4t-a95b,irrelevant_number,40000000,Modal,36000000,clear,36000000,clear,parser_confirmed
b_c019444c53a8e3581b3b,qwen3p8-2p4t-a95b/irrelevant_number_40000000.json,29,holdout,qwen/qwen3.8-2.4t-a95b,irrelevant_number,40000000,Modal,70000000,clear,70000000,clear,parser_confirmed
b_15d53b9b6bae2f27cc33,qwen3p8-2p4t-a95b/irrelevant_number_40000000.json,30,holdout,qwen/qwen3.8-2.4t-a95b,irrelevant_number,40000000,Modal,23500000,clear,23500000,clear,parser_confirmed
b_b771f3f6fda314df5e9e,qwen3p8-2p4t-a95b/irrelevant_number_40000000.json,31,holdout,qwen/qwen3.8-2.4t-a95b,irrelevant_number,40000000,Modal,33000000,clear,33000000,clear,parser_confirmed
b_871feb4dff487860eb6e,qwen3p8-2p4t-a95b/irrelevant_number_40000000.json,32,holdout,qwen/qwen3.8-2.4t-a95b,irrelevant_number,40000000,Modal,23000000,clear,23000000,clear,parser_confirmed
b_235f280c3e3f6cd63848,qwen3p8-2p4t-a95b/irrelevant_number_40000000.json,33,holdout,qwen/qwen3.8-2.4t-a95b,irrelevant_number,40000000,Modal,30000000,clear,30000000,clear,parser_confirmed
b_8a142cebc2b258d5b82c,qwen3p8-2p4t-a95b/irrelevant_number_40000000.json,34,holdout,qwen/qwen3.8-2.4t-a95b,irrelevant_number,40000000,Modal,27000000,clear,27000000,clear,parser_confirmed
b_42161755411e8bb7e148,qwen3p8-2p4t-a95b/irrelevant_number_40000000.json,35,holdout,qwen/qwen3.8-2.4t-a95b,irrelevant_number,40000000,Modal,23400000,clear,23400000,clear,parser_confirmed
b_94f1e75aefeb9425493d,qwen3p8-2p4t-a95b/irrelevant_number_40000000.json,36,holdout,qwen/qwen3.8-2.4t-a95b,irrelevant_number,40000000,Modal,29000000,clear,29000000,clear,parser_confirmed
b_1948360da15a8f53f7a4,qwen3p8-2p4t-a95b/irrelevant_number_40000000.json,37,holdout,qwen/qwen3.8-2.4t-a95b,irrelevant_number,40000000,Modal,30000000,clear,30000000,clear,parser_confirmed
b_ef3aa904f4fc4bae9937,qwen3p8-2p4t-a95b/irrelevant_number_40000000.json,38,holdout,qwen/qwen3.8-2.4t-a95b,irrelevant_number,40000000,Modal,30000000,clear,30000000,clear,parser_confirmed
b_f7a8e73de14acdd51ada,qwen3p8-2p4t-a95b/irrelevant_number_40000000.json,39,holdout,qwen/qwen3.8-2.4t-a95b,irrelevant_number,40000000,Modal,30000000,clear,30000000,clear,parser_confirmed
b_9dd266cd68dc29cf9903,qwen3p8-2p4t-a95b/irrelevant_number_40000000.json,40,holdout,qwen/qwen3.8-2.4t-a95b,irrelevant_number,40000000,Modal,23600000,clear,23600000,clear,parser_confirmed
b_95333a5f532aae4bdd7f,qwen3p8-2p4t-a95b/irrelevant_number_40000000.json,41,holdout,qwen/qwen3.8-2.4t-a95b,irrelevant_number,40000000,Modal,35000000,clear,35000000,clear,parser_confirmed
b_f079ec976629336976f5,qwen3p8-2p4t-a95b/irrelevant_number_40000000.json,42,holdout,qwen/qwen3.8-2.4t-a95b,irrelevant_number,40000000,Modal,30000000,clear,30000000,clear,parser_confirmed
b_0cff770c47b903f005f3,qwen3p8-2p4t-a95b/irrelevant_number_40000000.json,43,holdout,qwen/qwen3.8-2.4t-a95b,irrelevant_number,40000000,Modal,24000000,clear,24000000,clear,parser_confirmed
b_569e5332801733c15d4d,qwen3p8-2p4t-a95b/irrelevant_number_40000000.json,44,holdout,qwen/qwen3.8-2.4t-a95b,irrelevant_number,40000000,Modal,70000000,clear,70000000,clear,parser_confirmed
b_aeb47d199600de941e0a,qwen3p8-2p4t-a95b/irrelevant_number_40000000.json,45,holdout,qwen/qwen3.8-2.4t-a95b,irrelevant_number,40000000,Modal,23400000,clear,23400000,clear,parser_confirmed
b_d0d9b86430a5ae0c1b97,qwen3p8-2p4t-a95b/irrelevant_number_40000000.json,46,holdout,qwen/qwen3.8-2.4t-a95b,irrelevant_number,40000000,Modal,30000000,clear,30000000,clear,parser_confirmed
b_b5cf97a1972959fba787,qwen3p8-2p4t-a95b/irrelevant_number_40000000.json,47,holdout,qwen/qwen3.8-2.4t-a95b,irrelevant_number,40000000,Modal,23000000,clear,23000000,clear,parser_confirmed
b_cf6e3f6919de1e4a0f55,qwen3p8-2p4t-a95b/irrelevant_number_40000000.json,48,holdout,qwen/qwen3.8-2.4t-a95b,irrelevant_number,40000000,Modal,24000000,clear,24000000,clear,parser_confirmed
b_51777348aa8bf5f5afdf,qwen3p8-2p4t-a95b/irrelevant_number_40000000.json,49,holdout,qwen/qwen3.8-2.4t-a95b,irrelevant_number,40000000,Modal,23400000,clear,23400000,clear,parser_confirmed
b_ea82e3728fc7e6a2a7e7,qwen3p8-2p4t-a95b/irrelevant_number_80000000.json,0,pilot,qwen/qwen3.8-2.4t-a95b,irrelevant_number,80000000,SiliconFlow,25000000,clear,25000000,clear,parser_confirmed
b_4aa062993b72dff5df4b,qwen3p8-2p4t-a95b/irrelevant_number_80000000.json,1,pilot,qwen/qwen3.8-2.4t-a95b,irrelevant_number,80000000,Venice,70000000,clear,70000000,clear,parser_confirmed
b_e78008973c1b786186b0,qwen3p8-2p4t-a95b/irrelevant_number_80000000.json,2,pilot,qwen/qwen3.8-2.4t-a95b,irrelevant_number,80000000,Modal,35000000,clear,35000000,clear,parser_confirmed
b_302e569afc37646869c1,qwen3p8-2p4t-a95b/irrelevant_number_80000000.json,3,pilot,qwen/qwen3.8-2.4t-a95b,irrelevant_number,80000000,DeepInfra,29000000,clear,29000000,clear,parser_confirmed
b_8cd7e03d92dd8b3e11c7,qwen3p8-2p4t-a95b/irrelevant_number_80000000.json,4,pilot,qwen/qwen3.8-2.4t-a95b,irrelevant_number,80000000,SiliconFlow,17500000,clear,17500000,clear,parser_confirmed
b_aa42fd1566a94cb04bd3,qwen3p8-2p4t-a95b/irrelevant_number_80000000.json,5,holdout,qwen/qwen3.8-2.4t-a95b,irrelevant_number,80000000,SiliconFlow,29000000,clear,29000000,clear,parser_confirmed
b_f47f765bc2115aea036e,qwen3p8-2p4t-a95b/irrelevant_number_80000000.json,6,holdout,qwen/qwen3.8-2.4t-a95b,irrelevant_number,80000000,Novita,23000000,clear,23000000,clear,parser_confirmed
b_477ac125d2ca2a4fc164,qwen3p8-2p4t-a95b/irrelevant_number_80000000.json,7,holdout,qwen/qwen3.8-2.4t-a95b,irrelevant_number,80000000,Novita,23400000,clear,23400000,clear,parser_confirmed
b_36fd97108de704315ba3,qwen3p8-2p4t-a95b/irrelevant_number_80000000.json,8,holdout,qwen/qwen3.8-2.4t-a95b,irrelevant_number,80000000,SiliconFlow,33000000,clear,33000000,clear,parser_confirmed
b_9f0755a035b2c92b39ef,qwen3p8-2p4t-a95b/irrelevant_number_80000000.json,9,holdout,qwen/qwen3.8-2.4t-a95b,irrelevant_number,80000000,SiliconFlow,29000000,clear,29000000,clear,parser_confirmed
b_73ed8ccf292819885b74,qwen3p8-2p4t-a95b/irrelevant_number_80000000.json,10,holdout,qwen/qwen3.8-2.4t-a95b,irrelevant_number,80000000,Modal,29600000,clear,29600000,clear,parser_confirmed
b_a11aaf1c671098f709e1,qwen3p8-2p4t-a95b/irrelevant_number_80000000.json,11,holdout,qwen/qwen3.8-2.4t-a95b,irrelevant_number,80000000,Modal,24000000,clear,24000000,clear,parser_confirmed
b_663e7326a396c000947b,qwen3p8-2p4t-a95b/irrelevant_number_80000000.json,12,holdout,qwen/qwen3.8-2.4t-a95b,irrelevant_number,80000000,Together,17500000,clear,17500000,clear,parser_confirmed
b_c6b2e56bacfe3ce8c2c1,qwen3p8-2p4t-a95b/irrelevant_number_80000000.json,13,holdout,qwen/qwen3.8-2.4t-a95b,irrelevant_number,80000000,Novita,17500000,clear,17500000,clear,parser_confirmed
b_a57723cd1c0cb737b32d,qwen3p8-2p4t-a95b/irrelevant_number_80000000.json,14,holdout,qwen/qwen3.8-2.4t-a95b,irrelevant_number,80000000,DeepInfra,23000000,clear,23000000,clear,parser_confirmed
b_0e42ca6b20f82872be13,qwen3p8-2p4t-a95b/irrelevant_number_80000000.json,15,holdout,qwen/qwen3.8-2.4t-a95b,irrelevant_number,80000000,Venice,32000000,clear,32000000,clear,parser_confirmed
b_50f3e2980d696e7cc719,qwen3p8-2p4t-a95b/irrelevant_number_80000000.json,16,holdout,qwen/qwen3.8-2.4t-a95b,irrelevant_number,80000000,Modal,59000000,clear,59000000,clear,parser_confirmed
b_c3c267a2c48e8e2f7e99,qwen3p8-2p4t-a95b/irrelevant_number_80000000.json,17,holdout,qwen/qwen3.8-2.4t-a95b,irrelevant_number,80000000,SiliconFlow,29000000,clear,29000000,clear,parser_confirmed
b_8d9b9c4818d779bf5736,qwen3p8-2p4t-a95b/irrelevant_number_80000000.json,18,holdout,qwen/qwen3.8-2.4t-a95b,irrelevant_number,80000000,Modal,23400000,clear,23400000,clear,parser_confirmed
b_d7ecdfbb9365a2c10dba,qwen3p8-2p4t-a95b/irrelevant_number_80000000.json,19,holdout,qwen/qwen3.8-2.4t-a95b,irrelevant_number,80000000,Modal,33000000,clear,33000000,clear,parser_confirmed
b_745e03c06422eb6919c2,qwen3p8-2p4t-a95b/irrelevant_number_80000000.json,20,holdout,qwen/qwen3.8-2.4t-a95b,irrelevant_number,80000000,Modal,36000000,clear,36000000,clear,parser_confirmed
b_8c9088052aedda5f04da,qwen3p8-2p4t-a95b/irrelevant_number_80000000.json,21,holdout,qwen/qwen3.8-2.4t-a95b,irrelevant_number,80000000,Modal,,ambiguous,24000000,clear,blind_adjudication
b_b3a706d33a15c9c70a36,qwen3p8-2p4t-a95b/irrelevant_number_80000000.json,22,holdout,qwen/qwen3.8-2.4t-a95b,irrelevant_number,80000000,Modal,23000000,clear,23000000,clear,parser_confirmed
b_19b4c8fb4f603daf825b,qwen3p8-2p4t-a95b/irrelevant_number_80000000.json,23,holdout,qwen/qwen3.8-2.4t-a95b,irrelevant_number,80000000,Modal,35000000,clear,35000000,clear,parser_confirmed
b_0a48afcf664bdc9263f1,qwen3p8-2p4t-a95b/irrelevant_number_80000000.json,24,holdout,qwen/qwen3.8-2.4t-a95b,irrelevant_number,80000000,Modal,30000000,clear,30000000,clear,parser_confirmed
b_069b6393fd745b53bc1a,qwen3p8-2p4t-a95b/irrelevant_number_80000000.json,25,holdout,qwen/qwen3.8-2.4t-a95b,irrelevant_number,80000000,Modal,19500000,clear,19500000,clear,parser_confirmed
b_b3bb60bc869ca27a58c5,qwen3p8-2p4t-a95b/irrelevant_number_80000000.json,26,holdout,qwen/qwen3.8-2.4t-a95b,irrelevant_number,80000000,Modal,23400000,clear,23400000,clear,parser_confirmed
b_2c77ad8361814123c573,qwen3p8-2p4t-a95b/irrelevant_number_80000000.json,27,holdout,qwen/qwen3.8-2.4t-a95b,irrelevant_number,80000000,Modal,30000000,clear,30000000,clear,parser_confirmed
b_135a34457913e0ef7a38,qwen3p8-2p4t-a95b/irrelevant_number_80000000.json,28,holdout,qwen/qwen3.8-2.4t-a95b,irrelevant_number,80000000,Modal,28000000,clear,28000000,clear,parser_confirmed
b_2550592cdf95b9867774,qwen3p8-2p4t-a95b/irrelevant_number_80000000.json,29,holdout,qwen/qwen3.8-2.4t-a95b,irrelevant_number,80000000,Modal,47000000,clear,47000000,clear,parser_confirmed
b_96d8ca59a741528d87b7,qwen3p8-2p4t-a95b/irrelevant_number_80000000.json,30,holdout,qwen/qwen3.8-2.4t-a95b,irrelevant_number,80000000,Modal,30000000,clear,30000000,clear,parser_confirmed
b_965425a18d8530d5436f,qwen3p8-2p4t-a95b/irrelevant_number_80000000.json,31,holdout,qwen/qwen3.8-2.4t-a95b,irrelevant_number,80000000,Modal,35000000,clear,35000000,clear,parser_confirmed
b_5dc455938555a0ee15fb,qwen3p8-2p4t-a95b/irrelevant_number_80000000.json,32,holdout,qwen/qwen3.8-2.4t-a95b,irrelevant_number,80000000,Modal,29250000,clear,29250000,clear,parser_confirmed
b_60c5749fa5a84d496db3,qwen3p8-2p4t-a95b/irrelevant_number_80000000.json,33,holdout,qwen/qwen3.8-2.4t-a95b,irrelevant_number,80000000,Modal,30000000,clear,30000000,clear,parser_confirmed
b_cfb7116f1eea66c90587,qwen3p8-2p4t-a95b/irrelevant_number_80000000.json,34,holdout,qwen/qwen3.8-2.4t-a95b,irrelevant_number,80000000,Modal,23800000,clear,23800000,clear,parser_confirmed
b_a57cbdc2c55b1e7581cf,qwen3p8-2p4t-a95b/irrelevant_number_80000000.json,35,holdout,qwen/qwen3.8-2.4t-a95b,irrelevant_number,80000000,Modal,30000000,clear,30000000,clear,parser_confirmed
b_5b390517a6d7c760c0ad,qwen3p8-2p4t-a95b/irrelevant_number_80000000.json,36,holdout,qwen/qwen3.8-2.4t-a95b,irrelevant_number,80000000,Modal,37500000,clear,37500000,clear,parser_confirmed
b_cec30da35178556030c5,qwen3p8-2p4t-a95b/irrelevant_number_80000000.json,37,holdout,qwen/qwen3.8-2.4t-a95b,irrelevant_number,80000000,Modal,29500000,clear,29500000,clear,parser_confirmed
b_653e71f70fd7f1c11e85,qwen3p8-2p4t-a95b/irrelevant_number_80000000.json,38,holdout,qwen/qwen3.8-2.4t-a95b,irrelevant_number,80000000,Modal,29000000,clear,29000000,clear,parser_confirmed
b_b1ba35e428b50a0dbbc9,qwen3p8-2p4t-a95b/irrelevant_number_80000000.json,39,holdout,qwen/qwen3.8-2.4t-a95b,irrelevant_number,80000000,Modal,16500000,clear,16500000,clear,parser_confirmed
b_c729002552e98ba0eaa7,qwen3p8-2p4t-a95b/irrelevant_number_80000000.json,40,holdout,qwen/qwen3.8-2.4t-a95b,irrelevant_number,80000000,Modal,24000000,clear,24000000,clear,parser_confirmed
b_697af41ba1befc3ea8c9,qwen3p8-2p4t-a95b/irrelevant_number_80000000.json,41,holdout,qwen/qwen3.8-2.4t-a95b,irrelevant_number,80000000,Modal,33000000,clear,33000000,clear,parser_confirmed
b_0594fdc37c30777b280c,qwen3p8-2p4t-a95b/irrelevant_number_80000000.json,42,holdout,qwen/qwen3.8-2.4t-a95b,irrelevant_number,80000000,Modal,23400000,clear,23400000,clear,parser_confirmed
b_d7a2830f941a8b075322,qwen3p8-2p4t-a95b/irrelevant_number_80000000.json,43,holdout,qwen/qwen3.8-2.4t-a95b,irrelevant_number,80000000,Modal,29250000,clear,29250000,clear,parser_confirmed
b_a6d77df87a5041ff6c9f,qwen3p8-2p4t-a95b/irrelevant_number_80000000.json,44,holdout,qwen/qwen3.8-2.4t-a95b,irrelevant_number,80000000,Modal,41000000,clear,41000000,clear,parser_confirmed
b_7838a8906bab4da76a73,qwen3p8-2p4t-a95b/irrelevant_number_80000000.json,45,holdout,qwen/qwen3.8-2.4t-a95b,irrelevant_number,80000000,Modal,24000000,clear,24000000,clear,parser_confirmed
b_b44ff7c4093ca318ba53,qwen3p8-2p4t-a95b/irrelevant_number_80000000.json,46,holdout,qwen/qwen3.8-2.4t-a95b,irrelevant_number,80000000,Modal,30000000,clear,30000000,clear,parser_confirmed
b_48a326bf096411beabd7,qwen3p8-2p4t-a95b/irrelevant_number_80000000.json,47,holdout,qwen/qwen3.8-2.4t-a95b,irrelevant_number,80000000,Modal,23000000,clear,23000000,clear,parser_confirmed
b_f9fbdf541c52d3606711,qwen3p8-2p4t-a95b/irrelevant_number_80000000.json,48,holdout,qwen/qwen3.8-2.4t-a95b,irrelevant_number,80000000,Modal,36000000,clear,36000000,clear,parser_confirmed
b_df18122e37b60061afb6,qwen3p8-2p4t-a95b/irrelevant_number_80000000.json,49,holdout,qwen/qwen3.8-2.4t-a95b,irrelevant_number,80000000,Modal,35000000,clear,35000000,clear,parser_confirmed
b_5505f1e4bb8c87072e62,qwen3p8-2p4t-a95b/neutral_boundary_40000000.json,0,pilot,qwen/qwen3.8-2.4t-a95b,neutral_boundary,40000000,Novita,24000000,clear,24000000,clear,parser_confirmed
b_5bc2fbc6c569ab13f328,qwen3p8-2p4t-a95b/neutral_boundary_40000000.json,1,pilot,qwen/qwen3.8-2.4t-a95b,neutral_boundary,40000000,Novita,41000000,clear,41000000,clear,parser_confirmed
b_e7203ccee1b88d822df0,qwen3p8-2p4t-a95b/neutral_boundary_40000000.json,2,pilot,qwen/qwen3.8-2.4t-a95b,neutral_boundary,40000000,DeepInfra,23400000,clear,23400000,clear,parser_confirmed
b_e2c8123c517337d6bd3f,qwen3p8-2p4t-a95b/neutral_boundary_40000000.json,3,pilot,qwen/qwen3.8-2.4t-a95b,neutral_boundary,40000000,Together,16700000,clear,16700000,clear,parser_confirmed
b_52d8357f304831220f21,qwen3p8-2p4t-a95b/neutral_boundary_40000000.json,4,pilot,qwen/qwen3.8-2.4t-a95b,neutral_boundary,40000000,Venice,70000000,clear,70000000,clear,parser_confirmed
b_a63c7d2e08c14e811b45,qwen3p8-2p4t-a95b/neutral_boundary_40000000.json,5,holdout,qwen/qwen3.8-2.4t-a95b,neutral_boundary,40000000,Venice,34000000,clear,34000000,clear,parser_confirmed
b_958834e988c96dcc6f89,qwen3p8-2p4t-a95b/neutral_boundary_40000000.json,6,holdout,qwen/qwen3.8-2.4t-a95b,neutral_boundary,40000000,Modal,23600000,clear,23600000,clear,parser_confirmed
b_138d3420cb8ddb51aaa8,qwen3p8-2p4t-a95b/neutral_boundary_40000000.json,7,holdout,qwen/qwen3.8-2.4t-a95b,neutral_boundary,40000000,Together,35000000,clear,35000000,clear,parser_confirmed
b_0d362240f9f27621bff4,qwen3p8-2p4t-a95b/neutral_boundary_40000000.json,8,holdout,qwen/qwen3.8-2.4t-a95b,neutral_boundary,40000000,DeepInfra,20000000,clear,20000000,clear,parser_confirmed
b_7a5653603d1cb31072c1,qwen3p8-2p4t-a95b/neutral_boundary_40000000.json,9,holdout,qwen/qwen3.8-2.4t-a95b,neutral_boundary,40000000,SiliconFlow,29000000,clear,29000000,clear,parser_confirmed
b_089477661fdd1fc727b1,qwen3p8-2p4t-a95b/neutral_boundary_40000000.json,10,holdout,qwen/qwen3.8-2.4t-a95b,neutral_boundary,40000000,SiliconFlow,17500000,clear,17500000,clear,parser_confirmed
b_f701874c04f2a5e8079c,qwen3p8-2p4t-a95b/neutral_boundary_40000000.json,11,holdout,qwen/qwen3.8-2.4t-a95b,neutral_boundary,40000000,SiliconFlow,23400000,clear,23000000,clear,blind_adjudication
b_fadbb6189cef36095995,qwen3p8-2p4t-a95b/neutral_boundary_40000000.json,12,holdout,qwen/qwen3.8-2.4t-a95b,neutral_boundary,40000000,DeepInfra,29000000,clear,29000000,clear,parser_confirmed
b_df4e8bfe7b940a1e62d6,qwen3p8-2p4t-a95b/neutral_boundary_40000000.json,13,holdout,qwen/qwen3.8-2.4t-a95b,neutral_boundary,40000000,Together,23000000,clear,23000000,clear,parser_confirmed
b_c227d1c3b268ca123015,qwen3p8-2p4t-a95b/neutral_boundary_40000000.json,14,holdout,qwen/qwen3.8-2.4t-a95b,neutral_boundary,40000000,DeepInfra,12000000,clear,12000000,clear,parser_confirmed
b_c886ee79c2cb5234d0cb,qwen3p8-2p4t-a95b/neutral_boundary_40000000.json,15,holdout,qwen/qwen3.8-2.4t-a95b,neutral_boundary,40000000,Modal,29000000,clear,29000000,clear,parser_confirmed
b_9b80eb95ce32b49bad81,qwen3p8-2p4t-a95b/neutral_boundary_40000000.json,16,holdout,qwen/qwen3.8-2.4t-a95b,neutral_boundary,40000000,Modal,29000000,clear,29000000,clear,parser_confirmed
b_4a39740511f34fece589,qwen3p8-2p4t-a95b/neutral_boundary_40000000.json,17,holdout,qwen/qwen3.8-2.4t-a95b,neutral_boundary,40000000,Modal,,ambiguous,35000000,clear,blind_adjudication
b_65628ee541f0419eee77,qwen3p8-2p4t-a95b/neutral_boundary_40000000.json,18,holdout,qwen/qwen3.8-2.4t-a95b,neutral_boundary,40000000,Modal,22000000,clear,22000000,clear,parser_confirmed
b_19f8b3a97f07f91fc920,qwen3p8-2p4t-a95b/neutral_boundary_40000000.json,19,holdout,qwen/qwen3.8-2.4t-a95b,neutral_boundary,40000000,Modal,35000000,clear,35000000,clear,parser_confirmed
b_2f59e4d351c9a75d0714,qwen3p8-2p4t-a95b/neutral_boundary_40000000.json,20,holdout,qwen/qwen3.8-2.4t-a95b,neutral_boundary,40000000,Modal,24000000,clear,24000000,clear,parser_confirmed
b_f135c6ae4eb6f005f26d,qwen3p8-2p4t-a95b/neutral_boundary_40000000.json,21,holdout,qwen/qwen3.8-2.4t-a95b,neutral_boundary,40000000,Modal,17800000,clear,17800000,clear,parser_confirmed
b_579e94d1f05b77d59dd7,qwen3p8-2p4t-a95b/neutral_boundary_40000000.json,22,holdout,qwen/qwen3.8-2.4t-a95b,neutral_boundary,40000000,Modal,23400000,clear,23400000,clear,parser_confirmed
b_9ea88c798166dffe384b,qwen3p8-2p4t-a95b/neutral_boundary_40000000.json,23,holdout,qwen/qwen3.8-2.4t-a95b,neutral_boundary,40000000,Modal,36000000,clear,36000000,clear,parser_confirmed
b_c5a778d8c98f7084932e,qwen3p8-2p4t-a95b/neutral_boundary_40000000.json,24,holdout,qwen/qwen3.8-2.4t-a95b,neutral_boundary,40000000,Modal,23400000,clear,23400000,clear,parser_confirmed
b_f5b07ed962bcac59c6fc,qwen3p8-2p4t-a95b/neutral_boundary_40000000.json,25,holdout,qwen/qwen3.8-2.4t-a95b,neutral_boundary,40000000,Modal,30000000,clear,30000000,clear,parser_confirmed
b_5c3bf25f9ef6de67bb3e,qwen3p8-2p4t-a95b/neutral_boundary_40000000.json,26,holdout,qwen/qwen3.8-2.4t-a95b,neutral_boundary,40000000,Modal,23700000,clear,23700000,clear,parser_confirmed
b_249e00f14b45f6d1e60f,qwen3p8-2p4t-a95b/neutral_boundary_40000000.json,27,holdout,qwen/qwen3.8-2.4t-a95b,neutral_boundary,40000000,Modal,24000000,clear,24000000,clear,parser_confirmed
b_47cfedbcc2b0c62cec30,qwen3p8-2p4t-a95b/neutral_boundary_40000000.json,28,holdout,qwen/qwen3.8-2.4t-a95b,neutral_boundary,40000000,Modal,23600000,clear,23600000,clear,parser_confirmed
b_0529a22d4f3f27535b1c,qwen3p8-2p4t-a95b/neutral_boundary_40000000.json,29,holdout,qwen/qwen3.8-2.4t-a95b,neutral_boundary,40000000,Modal,24000000,clear,24000000,clear,parser_confirmed
b_3b579e161395e2534290,qwen3p8-2p4t-a95b/neutral_boundary_40000000.json,30,holdout,qwen/qwen3.8-2.4t-a95b,neutral_boundary,40000000,Modal,23500000,clear,23500000,clear,parser_confirmed
b_0185165470c28d4b2541,qwen3p8-2p4t-a95b/neutral_boundary_40000000.json,31,holdout,qwen/qwen3.8-2.4t-a95b,neutral_boundary,40000000,Modal,23400000,clear,23400000,clear,parser_confirmed
b_ee3fd19e0d7732436620,qwen3p8-2p4t-a95b/neutral_boundary_40000000.json,32,holdout,qwen/qwen3.8-2.4t-a95b,neutral_boundary,40000000,Modal,35000000,clear,35000000,clear,parser_confirmed
b_9d033e5cf5f049eca45c,qwen3p8-2p4t-a95b/neutral_boundary_40000000.json,33,holdout,qwen/qwen3.8-2.4t-a95b,neutral_boundary,40000000,Modal,36000000,clear,36000000,clear,parser_confirmed
b_bb1afab37b28d6deea9f,qwen3p8-2p4t-a95b/neutral_boundary_40000000.json,34,holdout,qwen/qwen3.8-2.4t-a95b,neutral_boundary,40000000,Modal,52000000,clear,52000000,clear,parser_confirmed
b_46832b8bf41039ed5e15,qwen3p8-2p4t-a95b/neutral_boundary_40000000.json,35,holdout,qwen/qwen3.8-2.4t-a95b,neutral_boundary,40000000,Modal,23000000,clear,23000000,clear,parser_confirmed
b_8295831052e6834be90d,qwen3p8-2p4t-a95b/neutral_boundary_40000000.json,36,holdout,qwen/qwen3.8-2.4t-a95b,neutral_boundary,40000000,Modal,26000000,clear,26000000,clear,parser_confirmed
b_a75d5ffeea415d957a8a,qwen3p8-2p4t-a95b/neutral_boundary_40000000.json,37,holdout,qwen/qwen3.8-2.4t-a95b,neutral_boundary,40000000,Modal,19000000,clear,19000000,clear,parser_confirmed
b_bf83b488bb9d5b01d847,qwen3p8-2p4t-a95b/neutral_boundary_40000000.json,38,holdout,qwen/qwen3.8-2.4t-a95b,neutral_boundary,40000000,Modal,35000000,clear,35000000,clear,parser_confirmed
b_e3954fab146aafef78a8,qwen3p8-2p4t-a95b/neutral_boundary_40000000.json,39,holdout,qwen/qwen3.8-2.4t-a95b,neutral_boundary,40000000,Modal,35000000,clear,35000000,clear,parser_confirmed
b_36905082244647b2bfa9,qwen3p8-2p4t-a95b/neutral_boundary_40000000.json,40,holdout,qwen/qwen3.8-2.4t-a95b,neutral_boundary,40000000,Modal,24000000,clear,24000000,clear,parser_confirmed
b_747eef47824fc005f09a,qwen3p8-2p4t-a95b/neutral_boundary_40000000.json,41,holdout,qwen/qwen3.8-2.4t-a95b,neutral_boundary,40000000,Modal,23000000,clear,23000000,clear,parser_confirmed
b_7d6d51a631e762096a22,qwen3p8-2p4t-a95b/neutral_boundary_40000000.json,42,holdout,qwen/qwen3.8-2.4t-a95b,neutral_boundary,40000000,Modal,35000000,clear,35000000,clear,parser_confirmed
b_85382fb236da39550148,qwen3p8-2p4t-a95b/neutral_boundary_40000000.json,43,holdout,qwen/qwen3.8-2.4t-a95b,neutral_boundary,40000000,Modal,,ambiguous,30000000,clear,blind_adjudication
b_be4fc03dee0d747c7b56,qwen3p8-2p4t-a95b/neutral_boundary_40000000.json,44,holdout,qwen/qwen3.8-2.4t-a95b,neutral_boundary,40000000,Modal,46800000,clear,46800000,clear,parser_confirmed
b_9226e47bb466e7172a86,qwen3p8-2p4t-a95b/neutral_boundary_40000000.json,45,holdout,qwen/qwen3.8-2.4t-a95b,neutral_boundary,40000000,Modal,24000000,clear,24000000,clear,parser_confirmed
b_bd52eb8e3f3855f2e3e8,qwen3p8-2p4t-a95b/neutral_boundary_40000000.json,46,holdout,qwen/qwen3.8-2.4t-a95b,neutral_boundary,40000000,Modal,24000000,clear,24000000,clear,parser_confirmed
b_cf82450dadb898c4c50a,qwen3p8-2p4t-a95b/neutral_boundary_40000000.json,47,holdout,qwen/qwen3.8-2.4t-a95b,neutral_boundary,40000000,Modal,35000000,clear,35000000,clear,parser_confirmed
b_1a600fe01fb065f03f09,qwen3p8-2p4t-a95b/neutral_boundary_40000000.json,48,holdout,qwen/qwen3.8-2.4t-a95b,neutral_boundary,40000000,Modal,30000000,clear,30000000,clear,parser_confirmed
b_66619bdc1c93e32b2911,qwen3p8-2p4t-a95b/neutral_boundary_40000000.json,49,holdout,qwen/qwen3.8-2.4t-a95b,neutral_boundary,40000000,Modal,18000000,clear,18000000,clear,parser_confirmed
b_f9636b724094a2d42df3,qwen3p8-2p4t-a95b/neutral_boundary_80000000.json,0,pilot,qwen/qwen3.8-2.4t-a95b,neutral_boundary,80000000,Novita,36000000,clear,36000000,clear,parser_confirmed
b_a0b27de90f0d8507910c,qwen3p8-2p4t-a95b/neutral_boundary_80000000.json,1,pilot,qwen/qwen3.8-2.4t-a95b,neutral_boundary,80000000,SiliconFlow,22000000,clear,22000000,clear,parser_confirmed
b_8dbc703e5cfe78b19af4,qwen3p8-2p4t-a95b/neutral_boundary_80000000.json,2,pilot,qwen/qwen3.8-2.4t-a95b,neutral_boundary,80000000,DeepInfra,24000000,clear,24000000,clear,parser_confirmed
b_a32a06ec384a7e140ea6,qwen3p8-2p4t-a95b/neutral_boundary_80000000.json,3,pilot,qwen/qwen3.8-2.4t-a95b,neutral_boundary,80000000,DeepInfra,35000000,clear,35000000,clear,parser_confirmed
b_c3ab4338ed41ae8d3681,qwen3p8-2p4t-a95b/neutral_boundary_80000000.json,4,pilot,qwen/qwen3.8-2.4t-a95b,neutral_boundary,80000000,Together,30000000,clear,30000000,clear,parser_confirmed
b_02ba656fd7f12d38b108,qwen3p8-2p4t-a95b/neutral_boundary_80000000.json,5,holdout,qwen/qwen3.8-2.4t-a95b,neutral_boundary,80000000,DeepInfra,23400000,clear,23400000,clear,parser_confirmed
b_28747dff35d9e124725d,qwen3p8-2p4t-a95b/neutral_boundary_80000000.json,6,holdout,qwen/qwen3.8-2.4t-a95b,neutral_boundary,80000000,Modal,30000000,clear,30000000,clear,parser_confirmed
b_4e48ac5d1bb0f851a4a8,qwen3p8-2p4t-a95b/neutral_boundary_80000000.json,7,holdout,qwen/qwen3.8-2.4t-a95b,neutral_boundary,80000000,DeepInfra,17500000,clear,17500000,clear,parser_confirmed
b_6af0227229ca6ea5a520,qwen3p8-2p4t-a95b/neutral_boundary_80000000.json,8,holdout,qwen/qwen3.8-2.4t-a95b,neutral_boundary,80000000,DeepInfra,29000000,clear,29000000,clear,parser_confirmed
b_813c40cd369971afa9dc,qwen3p8-2p4t-a95b/neutral_boundary_80000000.json,9,holdout,qwen/qwen3.8-2.4t-a95b,neutral_boundary,80000000,Venice,,ambiguous,38000000,clear,blind_adjudication
b_3c8d7128cf74c74ebf63,qwen3p8-2p4t-a95b/neutral_boundary_80000000.json,10,holdout,qwen/qwen3.8-2.4t-a95b,neutral_boundary,80000000,Venice,32000000,clear,32000000,clear,parser_confirmed
b_a4a0022bfb33326a8a21,qwen3p8-2p4t-a95b/neutral_boundary_80000000.json,11,holdout,qwen/qwen3.8-2.4t-a95b,neutral_boundary,80000000,Novita,23400000,clear,23400000,clear,parser_confirmed
b_b6f3aaf9c8c24bda2b1c,qwen3p8-2p4t-a95b/neutral_boundary_80000000.json,12,holdout,qwen/qwen3.8-2.4t-a95b,neutral_boundary,80000000,Together,36000000,clear,36000000,clear,parser_confirmed
b_e8d216e52a2a2a7c21c5,qwen3p8-2p4t-a95b/neutral_boundary_80000000.json,13,holdout,qwen/qwen3.8-2.4t-a95b,neutral_boundary,80000000,Venice,45000000,clear,45000000,clear,parser_confirmed
b_f00aed57e557cdc1aff8,qwen3p8-2p4t-a95b/neutral_boundary_80000000.json,14,holdout,qwen/qwen3.8-2.4t-a95b,neutral_boundary,80000000,Venice,36000000,clear,36000000,clear,parser_confirmed
b_022350260b2474cf798a,qwen3p8-2p4t-a95b/neutral_boundary_80000000.json,15,holdout,qwen/qwen3.8-2.4t-a95b,neutral_boundary,80000000,SiliconFlow,24000000,clear,24000000,clear,parser_confirmed
b_0ccee3dd2444e891920e,qwen3p8-2p4t-a95b/neutral_boundary_80000000.json,16,holdout,qwen/qwen3.8-2.4t-a95b,neutral_boundary,80000000,Modal,35000000,clear,35000000,clear,parser_confirmed
b_e176f65c045a7e5bb6e2,qwen3p8-2p4t-a95b/neutral_boundary_80000000.json,17,holdout,qwen/qwen3.8-2.4t-a95b,neutral_boundary,80000000,Modal,30000000,clear,30000000,clear,parser_confirmed
b_a123808b74d098fb96f0,qwen3p8-2p4t-a95b/neutral_boundary_80000000.json,18,holdout,qwen/qwen3.8-2.4t-a95b,neutral_boundary,80000000,Modal,20655000,clear,20000000,clear,blind_adjudication
b_52f6bcd4e4144d4be0e1,qwen3p8-2p4t-a95b/neutral_boundary_80000000.json,19,holdout,qwen/qwen3.8-2.4t-a95b,neutral_boundary,80000000,Modal,29000000,clear,29000000,clear,parser_confirmed
b_378f13914e4467f76be8,qwen3p8-2p4t-a95b/neutral_boundary_80000000.json,20,holdout,qwen/qwen3.8-2.4t-a95b,neutral_boundary,80000000,Modal,23000000,clear,23000000,clear,parser_confirmed
b_a00dab2bc45176cc28d8,qwen3p8-2p4t-a95b/neutral_boundary_80000000.json,21,holdout,qwen/qwen3.8-2.4t-a95b,neutral_boundary,80000000,Modal,35000000,clear,35000000,clear,parser_confirmed
b_36cc1457cd94e15bb1e6,qwen3p8-2p4t-a95b/neutral_boundary_80000000.json,22,holdout,qwen/qwen3.8-2.4t-a95b,neutral_boundary,80000000,Modal,25000000,clear,25000000,clear,parser_confirmed
b_30025efbc4d23b9cb354,qwen3p8-2p4t-a95b/neutral_boundary_80000000.json,23,holdout,qwen/qwen3.8-2.4t-a95b,neutral_boundary,80000000,Modal,,ambiguous,23400000,clear,blind_adjudication
b_df13219a3bbe4ad29d37,qwen3p8-2p4t-a95b/neutral_boundary_80000000.json,24,holdout,qwen/qwen3.8-2.4t-a95b,neutral_boundary,80000000,Modal,23400000,clear,23400000,clear,parser_confirmed
b_7eb9aaad204fe611ed14,qwen3p8-2p4t-a95b/neutral_boundary_80000000.json,25,holdout,qwen/qwen3.8-2.4t-a95b,neutral_boundary,80000000,Modal,24000000,clear,24000000,clear,parser_confirmed
b_fe0892cba56508516cef,qwen3p8-2p4t-a95b/neutral_boundary_80000000.json,26,holdout,qwen/qwen3.8-2.4t-a95b,neutral_boundary,80000000,Modal,23400000,clear,23400000,clear,parser_confirmed
b_630dd26d05a1ac2ca659,qwen3p8-2p4t-a95b/neutral_boundary_80000000.json,27,holdout,qwen/qwen3.8-2.4t-a95b,neutral_boundary,80000000,Modal,23000000,clear,23000000,clear,parser_confirmed
b_4c1503f8669e6d7e5555,qwen3p8-2p4t-a95b/neutral_boundary_80000000.json,28,holdout,qwen/qwen3.8-2.4t-a95b,neutral_boundary,80000000,Modal,24000000,clear,24000000,clear,parser_confirmed
b_0825c63a98d6ada15cfd,qwen3p8-2p4t-a95b/neutral_boundary_80000000.json,29,holdout,qwen/qwen3.8-2.4t-a95b,neutral_boundary,80000000,Modal,48000000,clear,48000000,clear,parser_confirmed
b_5471e6c470fd107c34ac,qwen3p8-2p4t-a95b/neutral_boundary_80000000.json,30,holdout,qwen/qwen3.8-2.4t-a95b,neutral_boundary,80000000,Modal,30000000,clear,30000000,clear,parser_confirmed
b_db67e505f8949c90e530,qwen3p8-2p4t-a95b/neutral_boundary_80000000.json,31,holdout,qwen/qwen3.8-2.4t-a95b,neutral_boundary,80000000,Modal,24000000,clear,24000000,clear,parser_confirmed
b_86a4c022522198a11d68,qwen3p8-2p4t-a95b/neutral_boundary_80000000.json,32,holdout,qwen/qwen3.8-2.4t-a95b,neutral_boundary,80000000,Modal,23400000,clear,23400000,clear,parser_confirmed
b_642179cdcecec577dc90,qwen3p8-2p4t-a95b/neutral_boundary_80000000.json,33,holdout,qwen/qwen3.8-2.4t-a95b,neutral_boundary,80000000,Modal,30000000,clear,30000000,clear,parser_confirmed
b_d67a2e4c42a692bd0642,qwen3p8-2p4t-a95b/neutral_boundary_80000000.json,34,holdout,qwen/qwen3.8-2.4t-a95b,neutral_boundary,80000000,Modal,29000000,clear,29000000,clear,parser_confirmed
b_a7d6c2a4a2fcb4f71837,qwen3p8-2p4t-a95b/neutral_boundary_80000000.json,35,holdout,qwen/qwen3.8-2.4t-a95b,neutral_boundary,80000000,Modal,24000000,clear,24000000,clear,parser_confirmed
b_72d6e97227800c8b9c57,qwen3p8-2p4t-a95b/neutral_boundary_80000000.json,36,holdout,qwen/qwen3.8-2.4t-a95b,neutral_boundary,80000000,Modal,,ambiguous,29000000,clear,blind_adjudication
b_7392f7e7832cd47eac82,qwen3p8-2p4t-a95b/neutral_boundary_80000000.json,37,holdout,qwen/qwen3.8-2.4t-a95b,neutral_boundary,80000000,Modal,29000000,clear,29000000,clear,parser_confirmed
b_d0c72d209fdb3562f4d3,qwen3p8-2p4t-a95b/neutral_boundary_80000000.json,38,holdout,qwen/qwen3.8-2.4t-a95b,neutral_boundary,80000000,Modal,20000000,clear,20000000,clear,parser_confirmed
b_e748fb7e943ed6355dfb,qwen3p8-2p4t-a95b/neutral_boundary_80000000.json,39,holdout,qwen/qwen3.8-2.4t-a95b,neutral_boundary,80000000,Modal,29000000,clear,29000000,clear,parser_confirmed
b_426278ed9ec7424994c2,qwen3p8-2p4t-a95b/neutral_boundary_80000000.json,40,holdout,qwen/qwen3.8-2.4t-a95b,neutral_boundary,80000000,Modal,30000000,clear,30000000,clear,parser_confirmed
b_a67ab73818b579c5b80d,qwen3p8-2p4t-a95b/neutral_boundary_80000000.json,41,holdout,qwen/qwen3.8-2.4t-a95b,neutral_boundary,80000000,Modal,13000000,clear,13000000,clear,parser_confirmed
b_73eea55876ad38f67c32,qwen3p8-2p4t-a95b/neutral_boundary_80000000.json,42,holdout,qwen/qwen3.8-2.4t-a95b,neutral_boundary,80000000,Modal,23400000,clear,23400000,clear,parser_confirmed
b_e19cd139b79996383f90,qwen3p8-2p4t-a95b/neutral_boundary_80000000.json,43,holdout,qwen/qwen3.8-2.4t-a95b,neutral_boundary,80000000,Modal,45000000,clear,45000000,clear,parser_confirmed
b_1e1b1973f672c7e651ee,qwen3p8-2p4t-a95b/neutral_boundary_80000000.json,44,holdout,qwen/qwen3.8-2.4t-a95b,neutral_boundary,80000000,Modal,35000000,clear,35000000,clear,parser_confirmed
b_c53e5d0a761daa5f34dd,qwen3p8-2p4t-a95b/neutral_boundary_80000000.json,45,holdout,qwen/qwen3.8-2.4t-a95b,neutral_boundary,80000000,Modal,23000000,clear,23000000,clear,parser_confirmed
b_409fb6de0a4baedd45d7,qwen3p8-2p4t-a95b/neutral_boundary_80000000.json,46,holdout,qwen/qwen3.8-2.4t-a95b,neutral_boundary,80000000,Modal,26000000,clear,26000000,clear,parser_confirmed
b_6d853c73e71b13693db5,qwen3p8-2p4t-a95b/neutral_boundary_80000000.json,47,holdout,qwen/qwen3.8-2.4t-a95b,neutral_boundary,80000000,Modal,23400000,clear,23400000,clear,parser_confirmed
b_72683e8614855c8992ae,qwen3p8-2p4t-a95b/neutral_boundary_80000000.json,48,holdout,qwen/qwen3.8-2.4t-a95b,neutral_boundary,80000000,Modal,,ambiguous,41000000,clear,blind_adjudication
b_90f5848723a52a929852,qwen3p8-2p4t-a95b/neutral_boundary_80000000.json,49,holdout,qwen/qwen3.8-2.4t-a95b,neutral_boundary,80000000,Modal,29250000,clear,29250000,clear,parser_confirmed
